sample_id,comp_0,comp_1,comp_2,comp_3,comp_4,comp_5,comp_6,comp_7,comp_8,comp_9,comp_10,comp_11,comp_12,comp_13,comp_14,comp_15
ACCx-TCGA-OR-A5J2-01A-31-A616-42-X013-S12,0.0,0.010650493807961616,0.0,0.0032726528845928426,0.008509313266455187,0.0014652733758008436,0.0,0.00320390924981213,0.0006562199640978284,0.004716123095330854,0.0,0.0037116376932981405,0.0,0.8600385627150997,0.0849963179318839,0.018779495258535825
ACCx-TCGA-OR-A5J3-01A-31-A616-42-X011-S06,0.0,0.009380833504449944,0.0,0.003959998381751647,0.012178830321088744,0.0,0.002845805761371032,0.0,0.005376332352017796,0.0010665076336652728,0.0,0.0,0.0,0.9651916913091508,0.0,0.0
ACCx-TCGA-OR-A5J6-01A-11-A616-42-X010-S09,0.0,0.0,0.0,0.015339587344367722,0.08212458517022218,0.0,0.0,0.0,0.0,0.00026124644566772226,0.0,0.00391145138787526,0.0,0.8669605870262492,0.0,0.031402541681193545
ACCx-TCGA-OR-A5J9-01A-31-A616-42-X020-S02,0.0,0.00941253006614204,0.0,0.0043597224480445874,0.0,0.0,0.0,0.0,0.0,0.0007545295064337153,0.01246234915768252,0.024234527195041964,0.05007558277356997,0.8639929169369639,0.02291024919745891,0.011797592052425374
ACCx-TCGA-OR-A5JZ-01A-12-A645-42-X038-S03,0.0,0.02575526019898604,0.0002782521901156168,0.0018252585230590322,0.026658275307185467,0.0,0.0024809565599769024,0.0,0.013066094373528734,0.001955292060268051,0.0,0.0,0.0,0.921144646472299,0.0,0.006835963547948572
ACCx-TCGA-OR-A5K8-01A-31-A644-42-X034-S09,0.0,0.007057018561600474,0.00002102267144571317,0.0023403453419316806,0.007464534133479785,0.0,0.0015718738245679667,0.0,0.003675712446593762,0.0,0.0,0.0,0.0,0.9778694923559889,0.0,0.0
ACCx-TCGA-OR-A5KX-01A-22-A645-42-X027-S03,0.0004670979575013985,0.004784893688248066,0.001742643928086806,0.0068795520757181546,0.0,0.000715354779772576,0.0,0.0,0.0,0.0,0.020329647096427865,0.02463237422684619,0.0,0.9130652611118639,0.008775751167390038,0.018607423215840538
ACCx-TCGA-PA-A5YG-01A-31-A644-42-X035-S02,0.0,0.013824632382468942,0.0,0.0068149354287088595,0.04125264426658582,0.0,0.0,0.0,0.0,0.0022898755290878467,0.0,0.0,0.0,0.9248414843544581,0.0,0.010976427276025953
ACCx-TCGA-PK-A5H8-01A-22-A617-42-X012-S05,0.0,0.0055697734121754276,0.00144007214787396,0.006068839027875116,0.0020906738949039746,0.00014438799647070998,0.0,0.0,0.0,0.0,0.0,0.01107602159416942,0.0,0.951438757943548,0.0,0.022171473293172088
BLCA-TCGA-BL-A13J-01A-22-A616-42-X022-S12,0.24099443308709204,0.005117794704254591,0.03103023957939052,0.0,0.0,0.0031802916199527628,0.005930512073931627,0.0,0.45438868639477487,0.004409715806034468,0.02208216819946828,0.048704707870955766,0.0,0.17400230294588892,0.010159145255223944,0.0
BLCA-TCGA-BL-A3JM-01A-31-A616-42-X017-S12,0.0,0.0,0.0005699079246110325,0.0009049547756462981,0.0,0.001014797219156574,0.0,0.045199603447385384,0.06848263719976913,0.0,0.036542468570692585,0.12712179232597587,0.1371626487190078,0.26527735716328815,0.2763127005796008,0.04141113094787028
BLCA-TCGA-CF-A1HR-01A-31-A615-42-X023-S04,0.272890242146177,0.0,0.05904857774667915,0.0,0.004574598930431336,0.0016053518453267414,0.009414324943665741,0.0,0.5204805318743023,0.02472315850302234,0.10726321096103994,0.0,0.0,0.0,0.0,0.0
BLCA-TCGA-CF-A3MI-01A-31-A616-42-X018-S09,0.3265872734834502,0.0,0.06197252287733108,0.0,0.0,0.0,0.004190551280682894,0.0,0.5749525145649552,0.0,0.020854840251987524,0.0,0.0,0.011442294514239058,0.0,0.0
BLCA-TCGA-CU-A3YL-01A-31-A616-42-X019-S01,0.33276685036184034,0.006452722828182217,0.05363254266053352,0.0,0.0,0.0,0.0051680794914702585,0.0,0.4145285564413319,0.012252824367079928,0.08503356180475947,0.0,0.0,0.09016485932245695,0.0,0.0
BLCA-TCGA-DK-A1AD-01A-31-A615-42-X013-S06,0.2559928082271306,0.0,0.033760228218740494,0.005535350229339577,0.0,0.0032946071686071224,0.0,0.0,0.4077988922677598,0.0023392357578134937,0.059993556055626736,0.07455877631916563,0.0,0.0,0.1567265432561337,0.0
BLCA-TCGA-FD-A3SR-01A-31-A616-42-X021-S08,0.2104190354759257,0.0,0.018084537397102512,0.0,0.0,0.0012356250577980352,0.009893922012603952,0.0,0.09446966332896645,0.009461370356243764,0.030406052091107787,0.08487605334283836,0.0,0.0,0.5411537393693875,0.0
BLCA-TCGA-GD-A3OQ-01A-11-A616-42-X009-S04,0.1336372548901863,0.0,0.06605879405572614,0.0,0.06023729113785572,0.0,0.007284467043280551,0.0,0.5004884314011184,0.03239500494236847,0.19989875338459573,0.0,0.0,0.0,0.0,0.0
BLCA-TCGA-GV-A3JW-01A-31-A616-42-X006-S09,0.2556051101148594,0.0,0.02560866441755222,0.0,0.0,0.0022965630656522134,0.0029411652635251365,0.0,0.3805089157057162,0.020123323451409693,0.1193957305986638,0.1161826790911478,0.0,0.0,0.07733784551845974,0.0
BLCA-TCGA-H4-A2HO-01C-11-A615-42-X009-S10,0.4465629695883217,0.027597818044901308,0.05680597686506716,0.011025502068942912,0.0,0.0,0.013351625429744619,0.0,0.18344862123207825,0.0194985167291469,0.16523681696149708,0.06565921163480622,0.0,0.010812938684836931,0.0,0.0
BRCA-TCGA-3C-AALJ-01A-11-A617-42-X022-S05,0.7307439507552601,0.0,0.0023474341746558052,0.0051314805864104305,0.023212107400355574,0.0009160139921593465,0.001922932723346733,0.004337713039115572,0.00384960492229722,0.0,0.012488951461015066,0.025629606078481703,0.0,0.17980873159857869,0.0,0.00961147197987275
BRCA-TCGA-4H-AAAK-01A-31-A617-42-X011-S09,0.9086515419194423,0.012572928281687613,0.0,0.0,0.007829914866513028,0.00017732823988283016,0.0010219197716782986,0.0,0.015189708876225816,0.0,0.003094176091241303,0.010280610791005826,0.009483463161759843,0.017001868548830526,0.0,0.014696538300402101
BRCA-TCGA-A2-A0CX-01A-31-A602-42-X003-S06,0.7392858394838854,0.0,0.0,0.00622968624062101,0.0,0.0,0.0,0.0,0.0,0.0,0.010690654525571951,0.000048302262601319155,0.0,0.0,0.24374551642159076,0.0
BRCA-TCGA-A2-A0ES-01A-31-A615-42-X017-S07,0.6894426086470224,0.0,0.0,0.0,0.03758936302997551,0.0035119942544413396,0.0,0.0,0.014641650548694629,0.019639329101124942,0.005737172862168131,0.0,0.0,0.0,0.2294378801208565,0.0
BRCA-TCGA-A2-A0ET-01A-11-A615-42-X005-S04,0.11342260275584437,0.0,0.0006038024691897444,0.003767720863772911,0.35064014674445504,0.0025653691116236843,0.0,0.0,0.0,0.0,0.07966039706965007,0.1627186113194272,0.12002365218106507,0.15697292302136295,0.0,0.009624772336952175
BRCA-TCGA-A2-A0EV-01A-31-A615-42-X020-S10,0.0,0.0,0.0,0.025689223142208915,0.35180546707052446,0.002745391921887822,0.0,0.0,0.0,0.0,0.001796616123740703,0.0,0.27002316752812494,0.3105740528600417,0.0,0.03736607923863745
BRCA-TCGA-A2-A0EW-01A-11-A615-42-X005-S09,0.6169956790982628,0.009201247482637872,0.0,0.0,0.05584110422748022,0.0,0.0,0.0,0.0,0.005183641426779231,0.1182966841523476,0.0,0.03653374931566083,0.01466742457527441,0.14328046862204413,0.0
BRCA-TCGA-A2-A0EX-01A-31-A615-42-X014-S11,0.970133081234696,0.0,0.0,0.0,0.0,0.002192850087956604,0.0,0.0,0.0,0.00618234899263609,0.013081959534395967,0.0,0.0,0.0,0.008409758920660872,0.0
BRCA-TCGA-A2-A0EY-01A-32-A617-42-X012-S03,0.8105956697818557,0.0,0.0,0.0,0.0,0.0,0.0,0.0,0.0,0.0,0.019366921908338,0.0,0.0,0.0,0.17003740719869587,0.0
BRCA-TCGA-A2-A0SV-01A-31-A615-42-X021-S03,0.7647881287559196,0.0,0.0,0.0,0.03550260078747374,0.0,0.0016759530594140514,0.0,0.0,0.0,0.0,0.0,0.0,0.0,0.19803331632580123,0.0
BRCA-TCGA-A2-A0SW-01A-31-A615-42-X011-S05,0.865367749756466,0.0,0.002642878282630265,0.0016443281044056183,0.0,0.0,0.0,0.008687792108377739,0.0,0.0,0.05133291538538871,0.037542507815918905,0.0,0.0,0.0,0.032781827332044766
BRCA-TCGA-A2-A0SX-01A-31-A615-42-X014-S06,0.0,0.0,0.0,0.0,0.03102710557926833,0.003085520885207824,0.0,0.0,0.008554222586896355,0.0,0.0,0.0,0.0,0.0,0.9573331501225951,0.0
BRCA-TCGA-A2-A0T4-01A-11-A602-42-X004-S05,0.1502480084681644,0.0012665712974683555,0.0,0.0,0.08506950589722342,0.0,0.0,0.0,0.0,0.0025896633992805785,0.015487927478660592,0.0,0.04212871753714858,0.01117937212709659,0.692030233009004,0.0
BRCA-TCGA-A2-A0T4-01A-41-A602-42-X002-S06,0.9343758271450447,0.0,0.0,0.0,0.013875111426783604,0.004694372160835606,0.0008612497254225298,0.0,0.005825560864873092,0.008377317645140391,0.0,0.0,0.0,0.03199055955055273,0.0,0.0
BRCA-TCGA-A2-A0T5-01A-41-A615-42-X017-S11,0.703168793423187,0.004197320860912897,0.00023862626237175686,0.0,0.0006119573577179503,0.0,0.00047427773677271976,0.006026332659430587,0.0027573867752967215,0.0,0.0,0.006120716064548489,0.0,0.0,0.2752917702367443,0.0011128176836471676
BRCA-TCGA-A2-A0T6-01A-31-A615-42-X007-S05,0.0,0.0,0.0,0.025733598130637192,0.3365215860392299,0.0,0.0,0.0,0.0,0.005148031626920842,0.0,0.0,0.24956987770759378,0.31550305294444453,0.0,0.067523851503209
BRCA-TCGA-A2-A0T7-01A-31-A615-42-X019-S05,0.8955775814282072,0.0,0.0,0.0,0.0,0.0004974797548429077,0.0020664000263464306,0.004171017430127828,0.0,0.0,0.004523424067245265,0.0,0.0,0.0,0.09316409615164603,0.0
BRCA-TCGA-A2-A0YC-01A-22-A615-42-X009-S09,0.9978835202023598,0.0,0.0,0.0,0.0,0.00211647856262027,0.0,0.0,0.0,0.0,0.0,0.0,0.0,0.0,0.0,0.0
BRCA-TCGA-A2-A0YD-01A-31-A615-42-X015-S06,0.8844866186461686,0.013038926337577635,0.004715555283105097,0.0,0.030821108213391363,0.0,0.003244099572128326,0.0,0.009903766858627224,0.0,0.0,0.0,0.0,0.03254744662048188,0.013511455861620954,0.007731021368835364
BRCA-TCGA-A2-A0YF-01A-31-A615-42-X007-S01,0.9144800224330939,0.0,0.0026600206718830634,0.0,0.07277395061818417,0.0022451964452956798,0.0,0.0,0.0,0.0,0.004584380864454951,0.0,0.0,0.003256427570143537,0.0,0.0
BRCA-TCGA-A2-A0YG-01A-11-A615-42-X009-S11,0.4231511367224678,3.1253761257435766e-6,0.0,0.0,0.06393075846920751,0.0,0.0,0.0,0.0,0.006138721073948047,0.053109951994785125,0.0,0.03177283738283351,0.0,0.42189346806062994,0.0
BRCA-TCGA-A2-A0YH-01A-31-A615-42-X023-S15,0.8620160058649041,0.0,0.0,0.0018917792540014803,0.052001839430919655,0.0,0.001746823279407733,0.0,0.0,0.0,0.0,0.0823435509143482,0.0,0.0,0.0,0.0
BRCA-TCGA-A2-A0YJ-01A-22-A615-42-X016-S11,0.0,0.0,0.0,0.0,0.002087921705511434,0.0005021146660027519,0.0,0.0,0.005580033187411564,0.0,0.0,0.0031416905535870494,0.0007606992476525603,0.0,0.9452100377342076,0.04271750235232193
BRCA-TCGA-A2-A0YK-01A-11-A615-42-X013-S09,0.18953944799286468,0.0,0.0,0.0,0.03710114897231159,0.0012865840404203798,0.0,0.0,0.0,0.009268647288781073,0.03627341816251528,0.0,0.053475777165790994,0.0,0.6730549755294967,0.0
BRCA-TCGA-A2-A0YL-01A-12-A615-42-X011-S03,0.2852921949973843,0.0010603749966253304,0.0,0.0,0.06253157860038723,0.0,0.0,0.0,0.00039014681046595695,0.008497594224715103,0.009204055599371324,0.0,0.01373772920319775,0.0,0.6192863247527718,0.0
BRCA-TCGA-A2-A0YT-01A-31-A615-42-X022-S10,0.6857736880221383,0.0,0.0,0.0037112247332588806,0.11505244789478962,0.002011878500033863,0.0,0.0,0.0,0.006119193830362079,0.0,0.0,0.031041780788356378,0.010917702111419566,0.14537208267730006,0.0
BRCA-TCGA-A2-A4RX-01A-22-A616-42-X023-S06,0.0,0.0013970434699734804,0.0,0.0,0.01960626267735028,0.0005572044581973947,0.0,0.0,0.018352975451724523,0.0008074016185790784,0.0,0.0,0.053864167936832075,0.01628659235288182,0.8759424483140043,0.013185903083752499
BRCA-TCGA-A7-A0CH-01A-31-A602-42-X003-S05,0.7784010244389536,0.0058298812140890255,0.0,0.0,0.0,0.0,0.0,0.0,0.0,0.0,0.07076878244477042,0.0,0.021856299649842124,0.0,0.12314401121526647,0.0
BRCA-TCGA-A7-A0D9-01A-11-A615-42-X016-S12,0.7670829615349257,0.006795127893178204,0.0,0.002728144711483959,0.004641184074045483,0.0007718641217052374,0.0002250171751213901,0.007153809585471109,0.0,0.00827306308558973,0.0,0.04371808156534946,0.00406702495636648,0.1352958763566572,0.0,0.019247843742784727
BRCA-TCGA-A7-A13E-01A-31-A615-42-X017-S04,0.0,0.0,0.0,0.0,0.0,0.0019730480870682834,0.0,0.0,0.0,0.0,0.0,0.0,0.0,0.0,0.994372992276479,0.0036539589888547985
BRCA-TCGA-A7-A13F-01A-31-A615-42-X017-S06,0.9372352561287758,0.0,0.0,0.004589153912671889,0.0,0.0010667900946702141,0.001101950480928811,0.0,0.005195831588446656,0.0,0.0,0.0,0.0,0.05011215764176413,0.0,0.0006988588428929019
BRCA-TCGA-A8-A06N-01A-31-A602-42-X001-S03,0.7464193532345071,0.0,0.0,0.003907298882593779,0.0,0.0054561816525145294,0.0,0.0,0.0,0.0,0.0009812825426756672,0.05864766871710296,0.041610395161379064,0.1429778183573687,0.0,0.0
BRCA-TCGA-A8-A08J-01A-31-A615-42-X012-S08,0.8020496418694968,0.0,0.0,0.0010724681381928372,0.0,0.0018668686318097255,0.0,0.00839338063411916,0.0,0.0,0.0,0.07393800130650521,0.0,0.09158909140569749,0.0,0.021090546774134123
BRCA-TCGA-A8-A094-01A-31-A615-42-X014-S02,0.6380730219717468,0.0,0.0,0.0,0.052313729844254676,0.003103735057834252,0.003508707103706307,0.004401749198583914,0.010097290924626086,0.0,0.0,0.0,0.0,0.0,0.2885017646038045,0.0
BRCA-TCGA-AO-A03L-01A-21-A615-42-X023-S01,0.9286904086702789,0.0,0.0020559670548353963,0.0011521263522020864,0.0,0.006700652452692199,0.0,0.0,0.0,0.0,0.006539343932941017,0.05406581536739079,0.0,0.0007956845930066062,0.0,0.0
BRCA-TCGA-AO-A03N-01B-31-A615-42-X022-S07,0.7093472047114833,0.0,0.0,0.0,0.0960209381301928,0.001104856808154242,0.0,0.0,0.0,0.0,0.13740002962631598,0.05612696935805813,0.0,0.0,0.0,0.0
BRCA-TCGA-AO-A0J5-01A-31-A615-42-X018-S03,0.341507270758766,0.00570433737220507,0.002471521995601398,0.0005383236450775524,0.11620850606488749,0.004114482846267548,0.0,0.0,0.0,0.0,0.026200004439633297,0.00159496536485807,0.10529483584766472,0.1848330250841859,0.19564433028948353,0.01588839490267831
BRCA-TCGA-AO-A0J8-01A-31-A615-42-X006-S11,0.8035706466940469,0.0016913780840429062,0.0,0.0,0.0,0.0011635529457549908,0.0,0.0,0.0,0.0034720275855669234,0.058587612251249324,0.0,0.03429336390270268,0.006638734432699764,0.0905826829903316,0.0
BRCA-TCGA-AO-A0JB-01A-31-A615-42-X015-S09,0.5603495616212155,0.0,0.0,0.0,0.0,0.0019821483756993874,0.0,0.00248820212043254,0.0075051248160820615,0.0,0.008414259135125883,0.0,0.0,0.0,0.41926070296607415,0.0
BRCA-TCGA-AO-A0JG-01A-11-A615-42-X016-S02,0.7393708968329654,0.0,0.0,0.0,0.0,0.00814851848306637,0.0,0.0,0.0,0.0,0.06159059649755043,0.03660997559177525,0.0,0.15428001099104247,0.0,0.0
BRCA-TCGA-AO-A0JM-01A-31-A615-42-X011-S12,0.9190825864120333,0.0,0.0009643248516690943,0.0,0.0,0.0024814218097121933,0.0017747620815572094,0.0,0.0,0.0,0.0,0.0,0.0,0.03296797859532241,0.0,0.042728924897939224
BRCA-TCGA-AO-A124-01A-31-A615-42-X016-S08,0.0,0.0024093086913858394,0.0,0.0,0.005027626177831672,0.0,0.0,0.0,0.011399973772511096,0.0,0.0,0.043053603052739656,0.017368046648433836,0.016397741239954314,0.8757377277671308,0.02860597206443017
BRCA-TCGA-AO-A12D-01A-31-A615-42-X012-S07,0.36100078263590085,0.0,0.002509779053127875,0.0,0.12841750216948128,0.0006431158560762139,0.00036888275794648445,0.0,0.0,0.0,0.0,0.1270290783829218,0.0,0.0,0.38003085787392177,0.0
BRCA-TCGA-AO-A12F-01A-22-A616-42-X008-S04,0.0,0.0,0.0,0.0,0.0,0.0,0.0,0.0,0.0,0.0,0.0,0.03082428103176205,0.05109649214205436,0.014876422653840104,0.8565118182118231,0.04669098538990541
BRCA-TCGA-AQ-A04L-01A-21-A615-42-X008-S09,0.510616284376392,0.0,0.0,0.0,0.0,0.0014490877270031783,0.0,0.0,0.0,0.0,0.09084347244359672,0.0,0.0033294297751693016,0.0,0.39376172467098103,0.0
BRCA-TCGA-AR-A0TP-01A-31-A615-42-X018-S08,0.0,0.0,0.0,0.0,0.0,0.0,0.0,0.0,0.0,0.0,0.003209808244170223,0.008636844371131993,0.0765832779780311,0.0,0.8189942865830567,0.09257578227897023
BRCA-TCGA-AR-A0TV-01A-31-A615-42-X020-S12,0.7617804727464739,0.0,0.0001456567879555771,0.008289235587222221,0.0,0.0,0.0,0.0019465545644225708,0.0,0.004858738923737362,0.049286403889347914,0.06295022864995617,0.020912413301984116,0.08983029435445533,0.0,0.0
BRCA-TCGA-AR-A0U0-01A-31-A615-42-X012-S06,0.013073114859053468,0.0,0.0,0.0,0.026706416211447516,0.0,0.0,0.0,0.019327186400342245,0.0,0.0,0.0,0.0,0.0,0.9408932818886693,0.0
BRCA-TCGA-AR-A0U4-01A-41-A616-42-X021-S04,0.0,0.0,0.0,0.0,0.07163932673063632,0.0019611954954085677,0.0016790939103438684,0.0,0.0,0.0,0.0,0.007135738660706174,0.0,0.0,0.8776425555715609,0.03994208875331829
BRCA-TCGA-BH-A0B1-01A-31-A615-42-X007-S02,0.7466675624198267,0.005093280414283179,0.0,0.0009743642209099884,0.004734773015355751,0.003871474276370451,0.004697900444371717,0.0,0.02495959777714974,0.0,0.0,0.021028027831796636,0.026686089790694166,0.0,0.11734243769615929,0.04394449061348943
BRCA-TCGA-BH-A0B5-01A-31-A615-42-X021-S07,0.8747163842437192,0.0,0.0,0.0,0.06263254764171208,0.002045822409576734,0.0,0.0,0.0,0.0,0.044207365522613506,0.014633367926967523,0.0017645109511060496,0.0,0.0,0.0
BRCA-TCGA-BH-A0BA-01A-31-A615-42-X010-S03,0.4924160243138832,0.0,0.0,0.0,0.06263414029006084,0.0040021892115975,0.0,0.0,0.0,0.0,0.0,0.0,0.0,0.0,0.44094764495302,0.0
BRCA-TCGA-BH-A0BZ-01A-11-A615-42-X014-S01,0.9860983911781223,0.0,0.0,0.0,0.0,0.007824675992478618,0.0,0.0,0.0,0.0,0.0,0.006076931176727388,0.0,0.0,0.0,0.0
BRCA-TCGA-BH-A0C1-01A-21-A615-42-X015-S11,0.38684243041683264,0.0,0.0,0.0,0.171009873999958,0.001122348130924233,0.00009067352394903968,0.0,0.0,0.0,0.0,0.0,0.0,0.0,0.440934672641847,0.0
BRCA-TCGA-BH-A0DL-01A-31-A602-42-X004-S04,0.0914860467623879,0.0,0.0,0.0,0.09981390659219674,0.0009321437734977235,0.0025897709090652006,0.0,0.1585650236425873,0.0,0.0,0.0,0.0,0.0,0.6466131070774064,0.0
BRCA-TCGA-BH-A0DP-01A-31-A616-42-X022-S06,0.37999690234123135,0.0004827288777547744,0.0,0.0,0.04023137847373783,0.0006684407405935148,0.0,0.0,0.0,0.0,0.01849974529584488,0.0,0.03118690767555143,0.0,0.5289338957689752,0.0
BRCA-TCGA-BH-A0DV-01A-31-A615-42-X005-S02,0.8767431303098174,0.0,0.0,0.0,0.04781731219385953,0.0007148285729439204,0.0,0.0,0.0,0.0,0.05801959740698373,0.0,0.0,0.0,0.016705130325312085,0.0
BRCA-TCGA-BH-A0E0-01A-22-A615-42-X023-S05,0.10182195157563487,0.0,0.0,0.002528052332434683,0.0047810550540736095,0.00009468202286957426,0.0,0.0,0.025402566824488194,0.0,0.0,0.03405060339491341,0.0,0.04224696686334237,0.7890741212542562,0.0
BRCA-TCGA-BH-A0EE-01A-32-A617-42-X013-S03,0.3132291161535188,0.0,0.002495317074865512,0.0,0.0,0.0008050405754481375,0.0033410627034839223,0.007501479173765855,0.0,0.0,0.0,0.0,0.0,0.0,0.6726279834351204,0.0
BRCA-TCGA-BH-A0HP-01A-32-A617-42-X018-S05,0.19140242141747532,0.001791232362501037,0.0,0.0,0.07302364310706408,0.0,0.0,0.0,0.0,0.001271848803836615,0.02442331684331736,0.0,0.05191906174871476,0.0,0.6468150183054115,0.009353456623928887
BRCA-TCGA-BH-A1EV-01A-41-A615-42-X010-S07,0.8695028005711943,0.0,0.0,0.0,0.0,0.0,0.0013776510070586667,0.00580460428802084,0.0,0.0025991619445645377,0.0,0.0,0.0,0.0,0.12071578105349146,0.0
BRCA-TCGA-C8-A12K-01A-31-A615-42-X020-S03,0.0,0.0,0.0036158922246722516,0.0,0.03826649539521042,0.0031201387290455056,0.0,0.0,0.0,0.0,0.02611565342491949,0.07428613715765209,0.0,0.0,0.8179184374044653,0.03667724472165021
BRCA-TCGA-C8-A12M-01A-31-A615-42-X009-S01,0.8096918177267758,0.0,0.0,0.003677714098570059,0.0,0.0031187991838813826,0.0,0.0,0.0,0.0,0.0637203473478358,0.015493356407772954,0.0,0.1042979637407019,0.0,0.0
BRCA-TCGA-C8-A12O-01A-31-A615-42-X019-S02,0.9124183275032414,0.0,0.0,0.0,0.0,0.0038071161435334275,0.0020418951394521336,0.0,0.0,0.0,0.0,0.0,0.0,0.0,0.08173265984279342,0.0
BRCA-TCGA-C8-A12Q-01A-31-A615-42-X005-S08,0.8333844158941949,0.0,0.0013225435982117905,0.0,0.0,0.0007205984349174081,0.005824559503499119,0.0,0.0170666793485068,0.0,0.0,0.0,0.0,0.0,0.14168120196426703,0.0
BRCA-TCGA-C8-A12T-01A-31-A615-42-X005-S12,0.8438619141803642,0.0,0.000930634194417275,0.0,0.0,0.0,0.0,0.0,0.0,0.0,0.033586111316325856,0.009106148807597882,0.0012409890862396138,0.0974655444041097,0.0,0.013808656939087918
BRCA-TCGA-C8-A12U-01A-31-A615-42-X008-S02,0.7646216974289344,0.0,0.001025870485034868,0.002764309529670709,0.0,0.0026795300420279105,0.0,0.0,0.0,0.0,0.022875535977170108,0.05432240476152617,0.0,0.13685030686384955,0.0,0.014860343605410088
BRCA-TCGA-C8-A12V-01A-31-A616-42-X023-S07,0.0,0.0,0.0,0.000797391867214067,0.03718491042937571,0.00023545502828727452,0.0,0.0,0.0,0.0,0.0,0.024967013396257145,0.011428187141793106,0.0,0.8841012435028327,0.041285797976426106
BRCA-TCGA-C8-A12Y-01A-31-A615-42-X020-S05,0.863562213626481,0.006080708263017616,0.0,0.0,0.019254068191701536,0.0003950741788490139,0.005960279837255005,0.0,0.019098552489343813,0.0,0.0,0.0,0.0,0.0,0.0856491022170843,0.0
BRCA-TCGA-C8-A130-01A-11-A615-42-X010-S01,0.6519092591633913,0.0,0.0,0.0,0.0,0.0009385273130983618,0.0,0.0,0.004116638004534855,0.0,0.018802306860254022,0.006292703704832692,0.0,0.0,0.31794056389081266,0.0
BRCA-TCGA-C8-A133-01A-11-A615-42-X019-S11,0.6215898335869817,0.0031670071152487796,0.00003182948775726883,0.00681972693983815,0.0,0.0,0.0,0.0,0.0,0.006562650302014197,0.10245920721072985,0.0,0.016978163621080494,0.24239158068007896,0.0,0.0
BRCA-TCGA-C8-A137-01A-31-A615-42-X021-S01,0.6988975734509423,0.002155554819964502,0.0005587198463105557,0.0,0.0,0.0020618037182108606,0.000944607673449484,0.0,0.02684352777769977,0.0,0.0,0.0,0.0,0.059052717895868266,0.20948549368492364,0.0
BRCA-TCGA-C8-A8HR-01A-31-A617-42-X013-S04,0.4049202299972063,0.0,0.0,0.0,0.11760698187836095,0.002534308432878807,0.0,0.0,0.0064612870587173465,0.0,0.0,0.036414937881767216,0.0,0.0,0.4320622535381557,0.0
BRCA-TCGA-D8-A13Z-01A-31-A615-42-X005-S06,0.29185790393058286,0.0,0.002177226767885543,0.0,0.0,0.0,0.006945939441565889,0.012890032643481581,0.033295697758882505,0.0,0.028471010034434082,0.0,0.0,0.0,0.6243621884635087,0.0
BRCA-TCGA-S3-AA0Z-01A-31-A617-42-X013-S05,0.0,0.0,0.0,0.0,0.01847824226127802,0.00007345867439645181,0.0,0.0,0.009651414145077556,0.0,0.0,0.0,0.007415478746579933,0.0,0.9630396735010052,0.0013417320859659724
CESC-TCGA-EA-A3HS-01A-41-A602-42-X003-S09,0.0,0.0,0.015358090326513316,0.0,0.0,0.017460978201675866,0.0,0.0,0.9671809274597731,0.0,0.0,0.0,0.0,0.0,0.0,0.0
CESC-TCGA-EA-A3HT-01A-21-A602-42-X004-S09,0.0,0.0,0.013228754628412873,0.0,0.4492710153449164,0.0011002967575961943,0.0032626472118018795,0.003536466004422715,0.36394346669881433,0.0,0.0,0.09169441930701144,0.0,0.0,0.07396293086287944,0.0
CESC-TCGA-EA-A3HT-01A-31-A602-42-X004-S10,0.0,0.0,0.007729519132434785,0.0,0.37881118938269653,0.0,0.009904046097984676,0.0,0.5965724783971779,0.0,0.0,0.0,0.0,0.0,0.00698276392319408,0.0
CESC-TCGA-EA-A3HT-01A-41-A602-42-X004-S08,0.0,0.0,0.014621081891739428,0.0,0.1882151540723837,0.0,0.005033340087469385,0.0,0.46586173651974905,0.0,0.0,0.0,0.0,0.0,0.32626868510661344,0.0
CHOL-TCGA-3X-AAVA-01A-31-A617-42-X014-S08,0.021432542058158293,0.2718262043167648,0.03025119024846772,0.07650076499305444,0.056273071928555636,0.0,0.010870657378027997,0.0,0.01931062952368569,0.0,0.027598810830830916,0.10129667782790609,0.0,0.3618707675232571,0.0,0.022768680592459414
CHOL-TCGA-W6-AA0T-01A-11-A617-42-X019-S04,0.004194677740573552,0.1778702444764276,0.020960569093724343,0.035018673736129866,0.1163869998855638,0.0034008875636058118,0.01660740299715032,0.0,0.06649604521962679,0.0,0.0,0.0,0.002472177986499691,0.0740577000077479,0.4825346188700182,0.0
CHOL-TCGA-W7-A93N-01A-21-A617-42-X005-S03,0.0,0.08123808698129119,0.15328203289738931,0.0,0.2253746110056047,0.011865603549576758,0.025846649161664872,0.0,0.03896386486362888,0.0,0.0,0.19017416886152783,0.1431447755914316,0.0,0.13011020202048063,0.0
CHOL-TCGA-ZH-A8Y5-01A-31-A617-42-X016-S04,0.04796216174234765,0.10600239671507264,0.029979181675724206,0.0487087997977736,0.0,0.0018645511333675398,0.004163924487824777,0.012137920803107558,0.0,0.0,0.015578506050779903,0.0,0.004854834746901617,0.08150888718894839,0.5836097073285593,0.06362912644266441
CHOL-TCGA-ZH-A8Y7-01A-31-A617-42-X009-S05,0.0,0.17256709639764642,0.593146463553196,0.0,0.0,0.14729491886254178,0.0,0.0,0.0,0.0,0.0,0.015758993228973124,0.0,0.0,0.0,0.0712325073283161
COAD-TCGA-3L-AA1B-01A-31-A617-42-X011-S11,0.008438522128018287,0.04511059796438157,0.0,0.0,0.16161882466587407,0.006694646582569425,0.009026686873594425,0.693615915549786,0.0,0.0,0.0,0.020572479195947634,0.05492232316862441,0.0,0.0,0.0
COAD-TCGA-4N-A93T-01A-31-A617-42-X021-S05,0.0,0.0,0.04794502368141123,0.0,0.014904883413276065,0.020922150842214417,0.002732611464812564,0.9134953247369014,0.0,0.0,0.0,0.0,0.0,0.0,0.0,0.0
COAD-TCGA-A6-A565-01A-11-A616-42-X015-S04,0.0,0.0,0.049680448294359594,0.0,0.33530139279471866,0.0,0.00726581209722132,0.3682704639675575,0.06692961009103889,0.0,0.0,0.004126348966699832,0.10352197185153696,0.0,0.0,0.06490394828348417
COAD-TCGA-A6-A566-01A-31-A616-42-X023-S08,0.0,0.018135800497009844,0.022440440478782107,0.0028388142850133595,0.21854172324848586,0.0,2.680177502633898e-6,0.6705248126804444,0.0,0.0,0.0033635402559891096,0.0641521847574216,0.0,0.0,0.0,0.0
COAD-TCGA-A6-A567-01A-11-A616-42-X023-S14,0.0,0.005077672079820719,0.013024610234226073,0.002417459467919741,0.06665864840114029,0.0,0.0,0.6434583274711158,0.0,0.005277219082981616,0.23320984418816315,0.03087621588163254,0.0,0.0,0.0,0.0
COAD-TCGA-A6-A56B-01A-11-A616-42-X021-S12,0.0,0.0,0.032861256863427585,0.0,0.0012579496211395033,0.0,0.0,0.6667432496216732,0.0,0.0,0.1910547391702358,0.009830419005083493,0.0,0.09825238232831522,0.0,0.0
COAD-TCGA-AA-A00E-01A-22-A616-42-X014-S07,0.0,0.0,0.08132414419595578,0.0,0.0532698789091468,0.00768630977236701,0.0,0.8577196620564463,0.0,0.0,0.0,0.0,0.0,0.0,0.0,0.0
COAD-TCGA-AA-A00J-01A-32-A616-42-X019-S06,0.08502205560656668,0.0,0.09202721481516117,0.0,0.0,0.0,0.0,0.6829210011268212,0.0,0.0,0.0876835251502613,0.0,0.0,0.0,0.0,0.052346198782451864
COAD-TCGA-AA-A00L-01A-22-A616-42-X012-S10,0.0,0.0,0.0,0.002874517842738488,0.0,0.017902506218767256,0.0,0.9792229707829465,0.0,0.0,0.0,0.0,0.0,0.0,0.0,0.0
COAD-TCGA-AA-A00Q-01A-22-A616-42-X020-S09,0.0,0.0,0.008269481378660388,0.0,0.06670618164387927,0.0009772760300073157,0.0,0.8348261785171799,0.0,0.0,0.0,0.08922087885773781,0.0,0.0,0.0,0.0
COAD-TCGA-AA-A00W-01A-22-A616-42-X007-S12,0.0,0.01337612646002965,0.0008024038828524055,0.0,0.01080238329390689,0.005786554043096016,0.0030967742845418927,0.9351765628542958,0.0,0.0,0.0,0.0033591751629573913,0.0,0.02760001597792518,0.0,0.0
COAD-TCGA-AA-A010-01A-22-A602-42-X004-S07,0.0,0.0,0.0,0.0,0.0,0.0014388251053243306,0.0,0.4927408164095656,0.012023338839024069,0.0,0.1116661391046087,0.010938599922025147,0.04707578952334747,0.02961959529565883,0.2944968933871822,0.0
COAD-TCGA-AA-A010-01A-41-A602-42-X002-S05,0.0,0.0,0.0,0.0,0.0,0.0029023308510280686,0.0,0.5076723092713509,0.017877937935725213,0.0,0.10057750270880869,0.03175744481516448,0.004270059222480155,0.0,0.3349424126686631,0.0
COAD-TCGA-AA-A010-01A-61-A602-42-X003-S07,0.0,0.0,0.0,0.0,0.0,0.0007592667110395545,0.0,0.5495633340725805,0.03125130059984574,0.0,0.07291403575588816,0.025096579869470545,0.0,0.0,0.32041548045667706,0.0
COAD-TCGA-AA-A01D-01A-41-A616-42-X010-S12,0.0,0.0,0.02635919992044837,0.0012283612472171936,0.013221867335346933,0.0,0.0,0.6962227587918925,0.0,0.0052759248002545766,0.20633411772630023,0.024101895987916098,0.0,0.027255870716208382,0.0,0.0
COAD-TCGA-AA-A01P-01A-32-A616-42-X006-S03,0.0,0.02520669753111995,0.11920369135784722,0.0,0.1835373283351057,0.0,0.00352216574622252,0.20525914316741203,0.05253449101612976,0.0,0.0,0.38424967313967606,0.017554127094478626,0.0,0.0,0.008932678480980347
COAD-TCGA-AA-A01R-01A-41-A616-42-X018-S04,0.160313685319873,0.0,0.026508999766499983,0.0,0.0,0.005773297458207973,0.0,0.3697137660055291,0.0,0.0,0.023615226240782824,0.14219566214490914,0.0,0.0,0.27187936031203463,0.0
COAD-TCGA-AA-A01S-01A-41-A616-42-X007-S04,0.0,0.0,0.0,0.002484063849668873,0.0,0.0,0.0,0.8855829998684834,0.0,0.0,0.0,0.0,0.0,0.0,0.11193293274561537,0.0
COAD-TCGA-AA-A01X-01A-32-A602-42-X003-S08,0.0,0.012800926439698856,0.0,0.0064701425798938455,0.0,0.0,0.012924223768390374,0.4509645579149365,0.0,0.0,0.0,0.0,0.0,0.0,0.5168401469818119,0.0
COAD-TCGA-AA-A022-01A-32-A616-42-X017-S08,0.0,0.020290900148965264,0.11547489464508515,0.0,0.007565230820759643,0.0074626216521288,0.0,0.5556737247016978,0.0419336397928445,0.0,0.0,0.10829882578619562,0.0,0.12445371997139489,0.0,0.01884643737718847
COAD-TCGA-AA-A024-01A-41-A602-42-X001-S04,0.0,0.0,0.05785960015751307,0.0,0.09720130353551487,0.0,0.0,0.8350657145737856,0.002725116442209056,0.0,0.0071482609012739765,0.0,0.0,0.0,0.0,0.0
COAD-TCGA-AA-A024-01A-51-A602-42-X004-S03,0.033502155987304674,0.0,0.03386549091928744,0.0,0.0,0.0,0.00014293261474060273,0.9021878984920898,0.029092120116817867,0.0012093978126564307,0.0,0.0,0.0,0.0,0.0,0.0
COAD-TCGA-AA-A02E-01A-41-A616-42-X022-S08,0.0,0.0,0.04445422944415535,0.0,0.0,0.0013412618703726748,0.0,0.9374814669712751,0.016723037337767213,0.0,0.0,0.0,0.0,0.0,0.0,0.0
COAD-TCGA-AA-A02F-01A-41-A616-42-X019-S07,0.0,0.009092408281517162,0.0,0.004434807748979162,0.002563405071045568,0.002904667193319556,0.01114716725503735,0.6606277675987661,0.02867436618478369,0.0,0.0,0.0,0.0,0.033175631590680356,0.2473797758952773,0.0
COAD-TCGA-AD-6889-01A-22-A617-42-X015-S01,0.0,0.0,0.045398036296658055,0.0,0.0,0.0,0.0,0.7138761157848402,0.0,0.0,0.12484392199775646,0.0,0.0,0.0,0.11588192218460096,0.0
COAD-TCGA-AY-A54L-01A-31-A616-42-X016-S05,0.0,0.0,0.008787885780147208,0.005054742238763057,0.01084235333102229,0.0013814857188950665,0.0,0.6634509921975276,0.0,0.0,0.0,0.05486454559455345,0.06417338147911389,0.03665095339935093,0.12423294937923689,0.03056070788162196
COAD-TCGA-AY-A69D-01A-31-A617-42-X012-S09,0.0,0.0,0.0,0.0,0.0,0.003647338509209313,0.001366287805335499,0.9949863694515222,0.0,0.0,0.0,0.0,0.0,0.0,0.0,0.0
COAD-TCGA-AY-A71X-01A-22-A617-42-X009-S08,0.0,0.0,0.051825845846230505,0.0,0.0,0.0016022183735484063,0.0,0.9159894710786637,0.0,0.0,0.03058246031705654,0.0,0.0,0.0,0.0,0.0
COAD-TCGA-AY-A8YK-01A-31-A617-42-X022-S02,0.0,0.0,0.026308121534507622,0.0,0.0,0.003952635051087865,0.0,0.7147995021112733,0.0,0.0,0.20387688430434905,0.02086000986509741,0.0,0.030202843439285813,0.0,0.0
COAD-TCGA-DM-A28G-01A-31-A615-42-X013-S11,0.0,0.016581321188528217,0.0,0.0,0.0,0.002900768781338318,0.012218836774540725,0.8580663414980213,0.09280368971917148,0.0,0.0,0.0,0.0,0.0,0.0,0.01742903799626796
COAD-TCGA-NH-A50U-01A-11-A616-42-X006-S05,0.010298573030001007,0.0038434669975347608,0.012076150348257318,0.0,0.0,0.0,0.0012724669401359145,0.7258618809097441,0.033321604362646674,0.0,0.0,0.03053406312089388,0.0,0.0,0.1827917910252329,0.0
COAD-TCGA-NH-A50V-01B-11-A616-42-X017-S05,0.0,0.0,0.0,0.0,0.0,0.00036201657380683093,0.0,0.4061494111287793,0.0,0.0,0.024511047217939216,0.0,0.0,0.0,0.5353809759461488,0.033596547208719824
COAD-TCGA-NH-A5IV-01A-21-A616-42-X011-S04,0.05254403985855394,0.0,0.04203607062379285,0.0,0.0777572495021011,0.01461121625965846,0.0,0.7215499081729656,0.0,0.0,0.01422112591172274,0.0772803848291737,0.0,0.0,0.0,0.0
COAD-TCGA-NH-A6GA-01A-31-A615-42-X009-S12,0.0,0.04943481923143905,0.07121161529490685,0.0,0.03631626822421614,0.009449046080221879,0.01836235767967558,0.7137080761726913,0.10151781205849714,0.0,0.0,0.0,0.0,0.0,0.0,0.0
COAD-TCGA-NH-A6GC-01A-31-A615-42-X018-S06,0.0,0.0,0.019728580176449476,0.0,0.2911585509121163,0.00846464977437516,0.0,0.28930343935579644,0.0,0.0,0.03877160649852256,0.33138967117369683,0.02118349870277394,0.0,0.0,0.0
COAD-TCGA-NH-A8F7-01A-31-A617-42-X007-S03,0.0,0.03289283525288202,0.0,0.02015129167792503,0.0,0.0006513986700387058,0.0,0.8904008474453267,0.0,0.0,0.0,0.0,0.04251159180440008,0.013392031349276712,0.0,0.0
COAD-TCGA-NH-A8F8-01A-61-A602-42-X002-S04,0.0,0.009420802063860674,0.00968204912154354,0.005554183754686777,0.01722550762263658,0.0036619787498233447,0.018484824847923714,0.8677646116178449,0.06820603795678133,0.0,0.0,0.0,0.0,0.0,0.0,0.0
COAD-TCGA-QG-A5YV-01A-31-A616-42-X007-S08,0.0,0.005834434107649602,0.0,0.0,0.0,0.0,0.0,0.8343150222167178,0.0,0.0016865219201208095,0.04473940137624438,0.0,0.0,0.0,0.11342461713490962,0.0
COAD-TCGA-QG-A5YX-01A-31-A616-42-X016-S03,0.0,0.0,0.007733641061130646,0.0,0.0,0.006894993800109,0.0,0.9853713607574842,0.0,0.0,0.0,0.0,0.0,0.0,0.0,0.0
COAD-TCGA-QL-A97D-01A-31-A617-42-X013-S08,0.0,0.0,0.00836583890002539,0.0,0.0,0.000605107073700985,0.0019016178301789026,0.7546258747701285,0.0,0.0,0.0,0.0,0.0,0.0,0.23450155810203885,0.0
COAD-TCGA-SS-A7HO-01A-31-A617-42-X010-S02,0.0,0.005589286056607222,0.0,0.028408357477796298,0.0,0.0,0.0,0.5791159329846622,0.0,0.011488441665576075,0.03855575039454955,0.13676311825468013,0.06609543173721555,0.0,0.10886330294685438,0.025120375537577018
ESCA-TCGA-IC-A6RE-01A-31-A616-42-X020-S04,0.0,0.05572471841764389,0.06408401282022948,0.027248384795227773,0.0,0.0009811748682864558,0.0,0.8255310344290459,0.0,0.0,0.0,0.02643066984523768,0.0,0.0,0.0,0.0
ESCA-TCGA-IG-A3YA-01A-31-A616-42-X021-S06,0.0,0.0,0.0,0.0,0.2767576439064881,0.000051942098002421985,0.0,0.0,0.7002084901551235,0.0,0.022001427743233746,0.0,0.0,0.0,0.0009804932466655595,0.0
ESCA-TCGA-IG-A4P3-01A-31-A616-42-X023-S11,0.0,0.0,0.0,0.0032396785464140466,0.40919259449867146,0.005968448778774438,0.0,0.0,0.23426084156896124,0.0,0.0,0.1728181932942779,0.09130077428859398,0.08321946578091757,0.0,0.0
ESCA-TCGA-IG-A4QS-01A-31-A616-42-X006-S02,0.0,0.026203046374467843,0.12179078879396255,0.0,0.270151847139337,0.009724569180330303,0.008396863919021372,0.16463740156272075,0.13037308629603692,0.0,0.0,0.18949409213282534,0.0792282994554576,0.0,0.0,0.0
ESCA-TCGA-IG-A51D-01A-31-A616-42-X012-S02,0.0,0.009586024525293422,0.0,0.0,0.18238771116156377,0.0017271363774894637,0.0003453290049466083,0.0,0.7981650518055902,0.0,0.0,0.0,0.0,0.0,0.0,0.007788744248848334
ESCA-TCGA-IG-A625-01A-31-A615-42-X007-S11,0.0,0.0,0.0,0.005734824418779998,0.0,0.0018601058887892962,0.0,0.0,0.658269785964597,0.0,0.06101750765585936,0.043712053317764614,0.09878382318770325,0.1306218974026779,0.0,0.0
ESCA-TCGA-IG-A7DP-01A-21-A616-42-X016-S01,0.0,0.0,0.0,0.0,0.33429905951523187,0.01757426868161135,0.0,0.0,0.0,0.0,0.0,0.6481266682152301,0.0,0.0,0.0,0.0
ESCA-TCGA-L5-A4OE-01A-31-A616-42-X015-S05,0.0,0.0,0.46141182028439304,0.0,0.0,0.06560569548128833,0.0,0.3312325785189219,0.14174989148735834,0.0,0.0,0.0,0.0,0.0,0.0,0.0
ESCA-TCGA-L7-A6VZ-01A-31-A616-42-X018-S02,0.0,0.07433047926244456,0.18496669155013545,0.005705346284418356,0.0,0.0,0.0,0.1865059031125066,0.11152014424422836,0.007503345617027161,0.0,0.0,0.0,0.06285577176991529,0.36661231350578305,0.0
ESCA-TCGA-LN-A49O-01A-31-A616-42-X008-S08,0.0,0.0,0.0035074112163481787,0.0,0.28278344225439367,0.00024244027346327195,0.0,0.0,0.6199861367850414,0.0,0.0,0.05494133582470164,0.0,0.0,0.0,0.03853923077549582
ESCA-TCGA-LN-A49W-01A-31-A616-42-X006-S04,0.02107734284085101,0.0,0.009876955460392503,0.0,0.12038298432215379,0.0,0.0013952803448702062,0.0,0.05605583940497445,0.0,0.08640959844382819,0.06220406351646638,0.0,0.0,0.6425979344805355,0.0
ESCA-TCGA-LN-A4A2-01A-11-A616-42-X005-S05,0.0,0.014965799017553705,0.0,0.0,0.09074568098521946,0.0036296109522906926,0.0,0.0,0.6976725583288804,0.0,0.0,0.0,0.0899648743718036,0.028054440355569393,0.0,0.0749670334936773
ESCA-TCGA-LN-A4A5-01A-11-A616-42-X007-S06,0.016306181922134243,0.0,0.0,0.0,0.4458243858688956,0.004201456006156409,0.008309190647862178,0.0,0.32534710936028527,0.0,0.0,0.010759902442438747,0.0,0.0,0.0582452660799528,0.13100650471573863
ESCA-TCGA-LN-A4MR-01A-31-A616-42-X005-S10,0.0,0.016246321653028563,0.0,0.0,0.07887573629223872,0.0012796531942162533,0.005908509258654994,0.0,0.7158615989484173,0.0,0.0,0.0,0.0,0.09539955003736157,0.0,0.08642862809696966
ESCA-TCGA-LN-A7HX-01A-31-A617-42-X017-S09,0.06603019062328531,0.0,0.01756091446554937,0.0,0.0,0.0012780633299557219,0.0,0.0,0.9151308286530485,0.0,0.0,0.0,0.0,0.0,0.0,0.0
ESCA-TCGA-LN-A8HZ-01A-31-A617-42-X007-S10,0.0,0.007400804768729825,0.0,0.0,0.02656082133070056,0.0024671214441902437,0.0,0.0,0.788047625213446,0.0,0.0,0.0,0.07392375664186025,0.03568915373472864,0.0,0.06591071418443038
ESCA-TCGA-LN-A9FQ-01A-11-A617-42-X010-S08,0.07135484684644622,0.0,0.0,0.006778914458207274,0.0,0.0,0.0,0.0,0.7317900095141533,0.0,0.03957483321598978,0.0,0.04370442753028002,0.031070994251855638,0.07572597200315942,0.0
ESCA-TCGA-M9-A5M8-01A-31-A616-42-X013-S01,0.0,0.07617452523296464,0.1334757732428711,0.0,0.016772159164480844,0.0,0.02140431606786645,0.21714594606576515,0.17949693310189666,0.0,0.0,0.0,0.0,0.0,0.3555303428114275,0.0
GBMx-TCGA-06-A5U0-01A-31-A615-42-X011-S07,0.0,0.0,0.0,0.0027623245644977697,0.0,0.0,0.0,0.0,0.0,0.0038647822613769494,0.00341909531035053,0.03001167345459252,0.8531680651097949,0.0,0.10391532300038402,0.0028587354452060394
GBMx-TCGA-06-A6S1-01A-31-A616-42-X020-S06,0.0,0.0,0.0,0.0,0.09391960033091584,0.0012844858918793173,0.0,0.0,0.0,0.0,0.0,0.0,0.7255722860741736,0.03181793914451155,0.0,0.14740568748285424
GBMx-TCGA-06-A7TK-01A-31-A617-42-X008-S01,0.0,0.0,0.0,0.0,0.026088924821814508,0.00029127838689686807,0.0,0.0,0.0,0.0,0.0,0.0,0.9527765677506526,0.0,0.0,0.020843228169211015
GBMx-TCGA-06-A7TL-01A-31-A617-42-X023-S02,0.0,0.0,0.0,0.0,0.027453848614634613,0.0,0.000254657907861072,0.0,0.006277754667277639,0.0,0.0,0.0,0.9286282001114325,0.0,0.0,0.03738553779433852
GBMx-TCGA-4W-AA9S-01A-22-A617-42-X015-S12,0.0,0.015892852782857975,0.0,0.0,0.10501057117223098,0.0,0.00011838460657953876,0.0,0.0031451952212965036,0.0,0.0,0.0,0.8265472030012069,0.0,0.0,0.0492857921250335
GBMx-TCGA-76-6656-01A-12-A617-42-X008-S07,0.0,0.005245545416283904,0.0,0.0,0.04579034019057445,0.0013035862895016623,0.0005832486223926904,0.0,0.01096827391020284,0.0009540981940580176,0.0,0.0,0.9351549063033723,0.0,0.0,0.0
GBMx-TCGA-81-5910-01A-11-A617-42-X022-S03,0.0,0.014540756307364785,0.0003040641481360322,0.0,0.018651195571431724,0.0016490856309649405,0.0,0.0,0.012382656853243816,0.0,0.0,0.02768654972906708,0.7147786883860645,0.10744709512932067,0.014655587707731049,0.0879043195635332
GBMx-TCGA-OX-A56R-01A-31-A616-42-X019-S10,0.0,0.01934288362621682,0.0,0.0,0.01801558929101095,0.0,0.0,0.0,0.0025318312503294434,0.0022759359378363574,0.0,0.004073020672411351,0.8019981113405862,0.013910456051056019,0.13601336816784199,0.0018388028066892834
GBMx-TCGA-RR-A6KB-01A-31-A615-42-X017-S01,0.0,0.006411308746815874,0.0,0.0,0.0047421364084263475,0.0,0.0,0.0,0.0,0.005584628082694636,0.0075937720713952946,0.0027768269494161516,0.8242621429398992,0.11548045450448668,0.03314872945113529,0.0
HNSC-TCGA-BA-A4IH-01A-31-A646-42-X031-S07,0.0,0.010465042582132933,0.001842582954336735,0.0,0.07547315826713173,0.00014943719811455865,0.000756509299335711,0.0015929632267047305,0.2006998995979091,0.008860645637943912,0.0322167001916821,0.19863801356943095,0.04974369004561222,0.0,0.4195613559318374,0.0
HNSC-TCGA-BA-A8YP-01A-31-A645-42-X030-S12,0.0,0.0,0.0,0.0,0.0,0.004741899447757933,0.0,0.0,0.6506939054406321,0.0,0.022729376688853872,0.02177415931380227,0.0759232730822651,0.0,0.19581185889370345,0.028325524860161027
HNSC-TCGA-CN-A49B-01A-11-A646-42-X040-S11,0.0,0.0,0.0007336188371149432,0.0,0.2552469942262007,0.0009886115453580137,0.00562458058854582,0.0,0.7374061912930397,0.0,0.0,0.0,0.0,0.0,0.0,0.0
HNSC-TCGA-CV-A468-01A-31-A644-42-X024-S01,0.0,0.0,0.0,0.0,0.36269920385350973,0.012963787985801325,0.0,0.0,0.6243370039332482,0.0,0.0,0.0,0.0,0.0,0.0,0.0
HNSC-TCGA-D6-A6EP-01A-31-A644-42-X026-S06,0.0,0.008495443274656858,0.0,0.0,0.042171819143841445,0.0,0.0,0.0,0.17585631792063533,0.008802774583717234,0.027504898321784085,0.10051849139808884,0.17462542950863932,0.02406437310368166,0.32053122513173954,0.11742922625245582
HNSC-TCGA-F7-A624-01A-31-A644-42-X038-S05,0.0,0.017205726322945227,0.007552062646332459,0.0,0.14854637489596817,0.002926380982106935,0.006213828926705893,0.0,0.11071908394485706,0.0,0.0,0.05686708471878098,0.0,0.4510319186989163,0.0,0.1989375370614003
HNSC-TCGA-H7-A76A-01A-41-A645-42-X037-S07,0.0,0.0,0.010354743781943131,0.0,0.16204254209407848,0.0017187727092863635,0.0005277969800260928,0.0,0.6201009716656629,0.0,0.0,0.038842728825607804,0.0,0.0,0.16641244137690173,0.0
HNSC-TCGA-KU-A66S-01A-31-A644-42-X037-S10,0.0030479640604525095,0.00375968902187516,0.0,0.0024330644486680844,0.022208113707232024,0.0096452346507874,0.012056684185901907,0.06601903438097212,0.15351258329427012,0.0,0.0,0.1412636472011925,0.0807382092414803,0.2834353226738581,0.2043812563657562,0.017499194545455943
HNSC-TCGA-KU-A6H7-06A-11-A644-42-X041-S05,0.0,0.0,0.0,0.0,0.4265405910503234,0.02755307247144419,0.0,0.0,0.4140119465689196,0.0,0.0,0.13189438446369417,0.0,0.0,0.0,0.0
KIRC-TCGA-3Z-A93Z-01A-31-A602-42-X003-S04,0.0,0.7641619001267336,0.0,0.02516313564647114,0.1691056112793189,0.009001920131676777,0.0,0.0,0.0,0.0,0.0,0.0,0.03256742930450134,0.0,0.0,0.0
KIRC-TCGA-6D-AA2E-01A-31-A617-42-X007-S07,0.0,0.5952385478799646,0.0,0.04770669356032723,0.18406205787753452,0.0103338105266494,0.0,0.0,0.0,0.028135063625829456,0.00863671883171104,0.0,0.09638798767926632,0.019088193320207104,0.0,0.010410923222156813
KIRC-TCGA-B2-A4SR-01A-31-A616-42-X018-S12,0.0,0.8179240184800638,0.0,0.025984033895569202,0.12303629177137196,0.01697849747576705,0.0,0.0,0.0,0.01607715422501881,0.0,0.0,0.0,0.0,0.0,0.0
KIRC-TCGA-B8-A54E-01A-31-A616-42-X014-S12,0.0,0.39343664969881187,0.0,0.03006015611094473,0.04602366856851113,0.0,0.0,0.0,0.0,0.048280590930270866,0.02189438601364834,0.0,0.0748854574575975,0.2926926368671776,0.0,0.09272645232370987
KIRC-TCGA-B8-A54F-01A-22-A617-42-X018-S11,0.0,0.5882364202129354,0.0,0.011263029145441285,0.21752830893182645,0.0038677726615123473,0.0,0.0,0.0,0.0,0.02251463184546942,0.0,0.08587859560351505,0.07071123882284595,0.0,0.0
KIRC-TCGA-B8-A54G-01A-31-A602-42-X003-S10,0.0,0.8421192814600438,0.0,0.030252779646462176,0.1243105159279296,0.003317419741355446,0.0,0.0,0.0,0.0,0.0,0.0,0.0,0.0,0.0,0.0
KIRC-TCGA-B8-A54H-01A-31-A602-42-X004-S12,0.0,0.8222185085589047,0.0,0.023704955988143293,0.11227284184139559,0.013883352113764052,0.0,0.0,0.0,0.0,0.0,0.0,0.027920337758552082,0.0,0.0,0.0
KIRC-TCGA-B8-A54J-01A-22-A617-42-X010-S05,0.0,0.8124479740953967,0.0,0.030755220625833964,0.14788551739224196,0.008911284311985068,0.0,0.0,0.0,0.0,0.0,0.0,0.0,0.0,0.0,0.0
KIRC-TCGA-B8-A54K-01A-31-A616-42-X023-S09,0.0,0.2353282933004569,0.0,0.0,0.037618417150273635,0.005134027750767502,0.0,0.0,0.0,0.03288447716316147,0.03164464027777177,0.0,0.08936634137631498,0.0005783431133757985,0.5674454583056671,0.0
KIRC-TCGA-B8-A8YJ-01A-31-A602-42-X002-S01,0.0,0.686441983152312,0.0,0.02667766636407601,0.25424712687452505,0.009092309977943781,0.0,0.0,0.0,0.0,0.0,0.0,0.023540910142433348,0.0,0.0,0.0
KIRC-TCGA-CJ-5671-01A-11-A602-42-X001-S01,0.0,0.4838788193267018,0.0,0.00599819446504258,0.41572705552607636,0.009719883238636167,0.0,0.0,0.0,0.0,0.0,0.07192208057034033,0.0,0.0,0.0,0.012753963367274121
KIRC-TCGA-CJ-5677-01A-22-A617-42-X022-S04,0.0,0.6428036598885079,0.0,0.02716520955894257,0.3220343761972169,0.007996750681287414,0.0,0.0,0.0,0.0,0.0,0.0,0.0,0.0,0.0,0.0
KIRC-TCGA-CJ-5679-01A-21-A617-42-X013-S02,0.0,0.5160986813109377,0.0,0.03280694034984115,0.1545587176811012,0.00454710203703818,0.004563038790504139,0.01809571419051914,0.014907067332941702,0.0,0.0,0.0,0.0,0.13245968592719978,0.0,0.12196304945830592
KIRC-TCGA-DV-A4VX-01A-31-A602-42-X004-S11,0.0,0.6954652916898081,0.0,0.035086399966748755,0.032335111068359186,0.0018467576743054974,0.0,0.0,0.012123519340762941,0.0,0.0,0.0,0.0,0.22314291763053842,0.0,0.0
KIRC-TCGA-GK-A6C7-01A-31-A602-42-X003-S03,0.0,0.7839827610412667,0.0,0.02487811468185772,0.17983977579908406,0.011299344862071854,0.0,0.0,0.0,0.0,0.0,0.0,0.0,0.0,0.0,0.0
KIRC-TCGA-MM-A564-01A-12-A616-42-X010-S10,0.0,0.46458167269224365,0.0,0.007342728640891929,0.22364013034346905,0.00440536267647477,0.0,0.0,0.0,0.0075760049738147275,0.0,0.0,0.15217403941480728,0.0,0.0,0.14028005847333344
KIRP-TCGA-2K-A9WE-01A-31-A617-42-X022-S01,0.0,0.6831131108678856,0.0,0.002556623169658434,0.27290602984606577,0.002171589069748525,0.0,0.0,0.0,0.0,0.0,0.0,0.0,0.0,0.0,0.03925264409322163
KIRP-TCGA-4A-A93X-01A-31-A617-42-X010-S06,0.0,0.9229125129961143,0.0,0.05807504777353227,0.0,0.0018224970706932264,0.0,0.0006980838880923107,0.0,0.016491854761270068,0.0,0.0,0.0,0.0,0.0,0.0
KIRP-TCGA-4A-A93Y-01A-31-A617-42-X018-S07,0.0,0.3545913577600695,0.0,0.025247366432674768,0.0,0.0,0.0,0.0,0.0,0.0,0.0056391007029802315,0.0162189442951124,0.14078965216832132,0.3074346802579906,0.0,0.15007889677424044
KIRP-TCGA-B1-A47N-01A-31-A616-42-X023-S13,0.0,0.850967167652556,0.003948425007101495,0.0,0.045298168917177105,0.0,0.0,0.005850258597277725,0.0,0.009674012325933049,0.00812733293175757,0.0006241448984748502,0.0,0.0,0.07551048704870454,0.0
KIRP-TCGA-B1-A654-01A-31-A616-42-X008-S10,0.017370859351752997,0.8248509472745532,0.0,0.0,0.01617566879471445,0.000754116904167692,0.002935651536743483,0.010086211594373585,0.0,0.012716223038867429,0.005117276548597078,0.0817039571032172,0.028289085253952052,0.0,0.0,0.0
KIRP-TCGA-B9-A44B-01A-31-A616-42-X022-S09,0.0,0.779842988273919,0.0,0.014202717797365894,0.12043337373749757,0.010385729163237453,0.0,0.0,0.0,0.0,0.0,0.05170019597143009,0.0,0.0,0.0,0.023434991659884094
KIRP-TCGA-B9-A5W8-01A-31-A617-42-X021-S02,0.0,0.7631110608702493,0.0018373630618135832,0.0,0.051317222226657994,0.0,0.0027677486891918212,0.0,0.03186379838218552,0.0,0.0,0.0,0.0,0.1491028041905281,0.0,0.0
KIRP-TCGA-B9-A5W9-01A-31-A617-42-X013-S10,0.0,0.7770677653242656,0.0,0.0,0.0,0.0,0.0,0.0,0.0,0.0017104961989352593,0.020708501079955095,0.01607727000786135,0.09380471342506226,0.08906865142973669,0.0,0.0015626001821702688
KIRP-TCGA-B9-A8YI-01A-31-A617-42-X017-S10,0.0,0.7745332273500434,0.0,0.03633719562433062,0.0,0.0,0.0,0.0,0.0,0.01560483135893691,0.05247089372508372,0.0,0.056930652768112766,0.0641231964405603,0.0,0.0
KIRP-TCGA-F9-A7Q0-01A-31-A617-42-X011-S10,0.0,0.403924680462182,0.0,0.0,0.010286729813764557,0.0,0.010041994913593593,0.0,0.04664498712340494,0.0,0.0,0.04255822824433222,0.024712054268229335,0.46183132329481874,0.0,0.0
KIRP-TCGA-F9-A7VF-01A-31-A617-42-X016-S07,0.0,0.9089667967131706,0.0,0.0,0.0,0.0,0.0006200523862340889,0.0,0.005775611485034464,0.0,0.0,0.0,0.0698205905579537,0.0,0.0,0.014816946240107669
KIRP-TCGA-F9-A8NY-01A-31-A617-42-X023-S10,0.0,0.36346474358018305,0.009092172700516854,0.007174192906247548,0.0009713551363847008,0.0008909355726180729,0.012094023628551847,0.0,0.05891958256103907,0.0,0.0,0.0,0.0,0.4531952476704126,0.013979250048756591,0.0802184942459829
KIRP-TCGA-GL-A9DC-01A-31-A617-42-X015-S08,0.001206006396658785,0.9503935447286321,0.0,0.0,0.0,0.0,0.004532692522908963,0.0,0.04020171807273109,0.0,0.0,0.003666035506919693,0.0,0.0,0.0,0.0
KIRP-TCGA-HE-A5NH-01A-31-A616-42-X023-S12,0.0,0.8056314900443275,0.0,0.0,0.01836923040051774,0.0,0.0033146165145101873,0.0,0.02018249397902661,0.022381766573674727,0.0,0.030205610648206562,0.0,0.0,0.09991478932940429,0.0
KIRP-TCGA-HE-A5NI-01A-31-A616-42-X015-S03,0.0,0.9742570703907392,0.002437123949745528,0.0,0.0,0.0,0.0,0.0,0.023305802847673314,0.0,0.0,0.0,0.0,0.0,0.0,0.0
KIRP-TCGA-HE-A5NJ-01A-31-A616-42-X006-S12,0.0,0.6517113040861067,0.0,0.0,0.0,0.0,0.00011057965423724313,0.0,0.01879355857657875,0.018636855999070206,0.0,0.0,0.027599122138072148,0.0,0.2831485774761006,0.0
KIRP-TCGA-HE-A5NK-01A-31-A616-42-X008-S05,0.0,0.5196173719749457,0.0,0.0,0.007253149582995835,0.0,0.0018118995376418215,0.0,0.02619093510169588,0.0,0.0,0.049122765365604476,0.005181322359322476,0.3908225542027561,0.0,0.0
KIRP-TCGA-IA-A40U-01A-31-A616-42-X020-S11,0.0,0.7418558326674096,0.0013974926254529906,0.0,0.005767245718854244,0.0012539800218552553,0.00023794124571369684,0.0,0.028913406677694785,0.0,0.0,0.028049699129023307,0.0,0.16525951151725943,0.027264888040209205,0.0
KIRP-TCGA-IA-A40X-01A-31-A616-42-X012-S01,0.0,0.8623437955436556,0.0,0.011059004736860925,0.0,0.0,0.0,0.0,0.0,0.0004070980686699822,0.003953788337010006,0.03582944857599174,0.017328026952444738,0.01594973672158946,0.0,0.05312909845562542
KIRP-TCGA-KV-A74V-01A-31-A617-42-X021-S10,0.0,0.9546507299531815,0.001435833102212194,0.002906597177824381,0.0,0.0,0.000036106784614249605,0.02259092407161033,0.0,0.007561640172138618,0.0,0.010818165916291611,0.0,0.0,0.0,0.0
KIRP-TCGA-P4-A5E6-01A-31-A615-42-X006-S07,0.0,0.9999999971823477,0.0,0.0,0.0,0.0,0.0,0.0,0.0,0.0,0.0,0.0,0.0,0.0,0.0,0.0
KIRP-TCGA-P4-A5EA-01A-22-A617-42-X019-S09,0.0,0.31422760762925006,0.011456422189831327,0.0,0.0,0.0013438620719202659,0.018317237295895662,0.0,0.09826434383237559,0.0,0.0,0.0,0.0,0.31881703480388185,0.20478654088375073,0.0327869492847144
KIRP-TCGA-P4-A5EB-01A-31-A615-42-X008-S11,0.0,0.9875379609541061,0.0,0.01246203614821751,0.0,0.0,0.0,0.0,0.0,0.0,0.0,0.0,0.0,0.0,0.0,0.0
KIRP-TCGA-P4-A5ED-01B-21-A615-42-X017-S02,0.0,0.16988233653540988,0.003784311710688939,0.0,0.07103983419959414,0.0,0.004939923548109796,0.0,0.0,0.022529648301930327,0.0,0.0,0.04705636609476498,0.013231149112763681,0.6675364292138392,0.0
KIRP-TCGA-P4-AAVL-01A-31-A617-42-X012-S12,0.0,0.8566947182311051,0.000740495657728398,0.0,0.03343906131291369,0.0021165471690965843,0.003376659001123717,0.0023300009908945483,0.00793174348057353,0.0,0.0,0.0,0.0,0.0,0.09337077146052593,0.0
KIRP-TCGA-PJ-A8JU-01A-31-A617-42-X021-S11,0.0,0.6526125593293669,0.0,0.01382165911601422,0.07647046435723141,0.0,0.0,0.0,0.0,0.009940052836476587,0.0,0.0,0.052412664013217744,0.1785082389654675,0.0,0.016234359034672168
KIRP-TCGA-Q2-A5QZ-01A-31-A617-42-X007-S09,0.0,0.7154388756446005,0.002590219701748,0.01969058875820657,0.060861556048548246,0.0024996032325473897,0.0,0.016268836158657242,0.0,0.0,0.0,0.045828941388956115,0.0,0.05716952108485518,0.0,0.07965185518272119
KIRP-TCGA-UZ-A9PJ-01A-31-A616-42-X006-S01,0.0,0.9131664749867061,0.002569520497075804,0.0,0.036105926161984006,0.0,0.005479361477418604,0.0,0.016671707007933783,0.0084914633675893,0.0,0.007320134774118561,0.0,0.0,0.010195408951251593,0.0
KIRP-TCGA-UZ-A9PK-01A-31-A617-42-X011-S08,0.0,0.8410328934557902,0.0,0.0,0.0,0.0,0.0029001578879706276,0.0,0.011382440232885906,0.023947349535216045,0.0,0.019197812609744996,0.0,0.0,0.10153934370346633,0.0
KIRP-TCGA-UZ-A9PL-01A-31-A617-42-X016-S06,0.0,0.8275824050775692,0.003060447712131245,0.0,0.0,0.0,0.0,0.0013807681999897566,0.001970574289557844,0.0,0.0,0.0,0.0,0.0,0.1660058022778235,0.0
KIRP-TCGA-UZ-A9PM-01A-31-A616-42-X020-S01,0.0,0.8826090193244404,0.0006172386031179214,0.0,0.11048215446189169,0.0031217854825158027,0.0031697991080541906,0.0,0.0,0.0,0.0,0.0,0.0,0.0,0.0,0.0
KIRP-TCGA-UZ-A9PP-01A-31-A617-42-X012-S04,0.0,0.8282631670154788,0.0027890695389542358,0.0,0.1488565104422648,0.0,0.003107833073186548,0.0,0.0,0.004559573347014372,0.0,0.012423843761203588,0.0,0.0,0.0,0.0
KIRP-TCGA-UZ-A9PQ-01A-31-A615-42-X019-S08,0.0,0.6319607190397425,0.0,0.007998109909281086,0.0,0.0,0.0,0.0,0.0,0.0,0.042583277062454745,0.04581540445657755,0.05081385782231288,0.200334957030586,0.0,0.02049367256162485
KIRP-TCGA-UZ-A9PV-01A-31-A616-42-X006-S10,0.0,0.9767191446632076,0.0,0.0,0.0,0.0,0.0,0.0,0.0,0.0,0.0,0.0,0.023280852517332962,0.0,0.0,0.0
LGGx-TCGA-DB-A75K-01A-31-A646-42-X034-S07,0.0,0.0002529430599306195,0.0,0.0,0.022083807164532628,0.0,0.00003336450542939306,0.0,0.0,0.0,0.0,0.0,0.909964499383584,0.06766538504934994,0.0,0.0
LGGx-TCGA-DU-5870-02A-21-A646-42-X030-S02,0.0,0.0,0.0,0.0,0.0,0.00004219984198639038,0.0,0.0,0.0,0.0,0.0,0.0,0.9965418944372724,0.0034159048773434353,0.0,0.0
LGGx-TCGA-DU-6395-02A-11-A644-42-X037-S06,0.0,0.0,0.0,0.0,0.003914706318105962,0.00009962819142188216,0.00017128620375140893,0.0,0.009952334021035684,0.0,0.0,0.0,0.9681048367908874,0.0,0.0,0.017757207603739535
LGGx-TCGA-DU-6407-02B-21-A645-42-X036-S01,0.0,0.0,0.0,0.0,0.0,0.0004951269719122597,0.0,4.268659300477193e-6,0.0,0.0,0.0,0.0,0.9348402158696734,0.0,0.0,0.06466038763453294
LGGx-TCGA-E1-A7YI-01A-31-A617-42-X020-S08,0.0,0.0,0.0,0.0,0.0,0.0,0.0,0.00032499389289190097,0.007252098932490987,0.0,0.0,0.001790562061984708,0.8482040238313991,0.0,0.0,0.14242832044351408
LGGx-TCGA-F6-A8O3-01A-31-A617-42-X013-S07,0.0,0.0,0.0,0.0,0.0,0.0014615061948990199,0.0,0.0,0.0,0.0,0.0,0.0,0.998538492874208,0.0,0.0,0.0
LGGx-TCGA-FG-A4MU-01B-31-A615-42-X016-S10,0.0,0.015094036423120526,0.0,0.0,0.05979195178400839,0.0,0.0,0.0,0.005169201852000503,0.0022479980078690667,0.0,0.0,0.8840253279595344,0.0,0.03367148298806851,0.0
LGGx-TCGA-FG-A4MY-01A-31-A616-42-X015-S02,0.0,0.0,0.0,0.0,0.0,0.001152689261893836,0.0,0.0,0.0,0.0,0.0012556598755241823,0.0,0.9929655078646371,0.004626142107638518,0.0,0.0
LGGx-TCGA-P5-A72W-01A-31-A617-42-X018-S01,0.0,0.0,0.0,0.00008161408151758754,0.0,0.0,0.0,0.0,0.0,0.002209618742338202,0.0,0.0,0.9977087663387405,0.0,0.0,0.0
LGGx-TCGA-P5-A72X-01A-31-A617-42-X014-S09,0.0,0.0,0.0,0.0005523704804149456,0.0,0.0000174845622003117,0.0,0.0,0.0,0.0030579570458935607,0.0,0.0,0.99637218692054,0.0,0.0,0.0
LGGx-TCGA-P5-A735-01A-31-A617-42-X017-S03,0.0,0.0,0.0,0.00018148647402150842,0.0,0.0,0.0,0.0,0.0,0.0,0.004981988210912907,0.0,0.9948365244632011,0.0,0.0,0.0
LGGx-TCGA-P5-A77X-01A-31-A617-42-X022-S11,0.0,0.0,0.0,0.0,0.0,0.0,0.0,0.0,0.0,0.0,0.0,0.0,0.9999999991708443,0.0,0.0,0.0
LGGx-TCGA-W9-A837-01A-31-A617-42-X019-S03,0.0,0.0,0.0,0.0,0.0,0.00024946413699785373,0.0,0.0,0.0,0.0,0.0008078557006142611,0.0,0.9989426792621128,0.0,0.0,0.0
LIHC-TCGA-BC-A10S-01A-31-A645-42-X024-S02,0.0,0.0,0.0,0.6245795295352529,0.3740182086817189,0.0014022549095092218,0.0,0.0,0.0,0.0,0.0,0.0,0.0,0.0,0.0,0.0
LIHC-TCGA-BC-A10T-01A-31-A645-42-X037-S08,0.0,0.0,0.0,0.9999999901469053,0.0,0.0,0.0,0.0,0.0,0.0,0.0,0.0,0.0,0.0,0.0,0.0
LIHC-TCGA-BC-A10U-01A-31-A645-42-X026-S02,0.0,0.059516455183587606,0.010093673078300454,0.42754425644716354,0.0,0.0,0.0026992779083229927,0.0,0.0,0.0,0.0,0.0,0.026150689442761933,0.13335289288425412,0.3242200955928328,0.016422654733847394
LIHC-TCGA-BC-A10W-01A-31-A645-42-X042-S04,0.0,0.10469424449142044,0.03138900752506878,0.2720159749092639,0.002265493645502688,0.0,0.0031497571625951283,0.0,0.0,0.0,0.022178650753414776,0.1248259783963927,0.02542284472930174,0.26346654015517823,0.018875347737508773,0.13171615664096745
LIHC-TCGA-BC-A10X-01A-31-A645-42-X028-S12,0.0,0.0,0.0,0.43779974219886325,0.5613578211561421,0.0008424307418242942,0.0,0.0,0.0,0.0,0.0,0.0,0.0,0.0,0.0,0.0
LIHC-TCGA-BC-A3KF-01A-31-A644-42-X029-S04,0.0,0.030864126556954617,0.0,0.9310190991940837,0.025287739063360487,0.0,0.0,0.0,0.0,0.01282902611661409,0.0,0.0,0.0,0.0,0.0,0.0
LIHC-TCGA-BC-A5W4-01A-31-A645-42-X033-S05,0.0,0.0,0.0,0.53103179391072,0.0,0.010423182013153358,0.0,0.007907214789755576,0.0,0.00689204428698292,0.06640008000188057,0.0,0.09121671585314121,0.0,0.2861289632127452,0.0
LIHC-TCGA-BC-A8YO-01A-31-A645-42-X041-S01,0.0,0.0701153633030337,0.020908936443701807,0.4831853328610049,0.0,0.000031304496068078634,0.0,0.0,0.0,0.0,0.051245838380783615,0.0,0.07093302719516137,0.0,0.2776112125401147,0.02596897943970742
LIHC-TCGA-CC-A123-01A-22-A645-42-X032-S07,0.0,0.0,0.002330617009444426,0.36579160163919333,0.0,0.0016101147320825458,0.0,0.0,0.0,0.0,0.037983292127263216,0.32394397243497297,0.14388309095500704,0.12445730688175385,0.0,0.0
LIHC-TCGA-CC-A7IF-01A-31-A646-42-X027-S06,0.0,0.0,0.0,0.9809138739428199,0.0,0.019086115649156476,0.0,0.0,0.0,0.0,0.0,0.0,0.0,0.0,0.0,0.0
LIHC-TCGA-DD-AAC8-01A-21-A646-42-X025-S06,0.07348326033101042,0.0,0.0,0.4232385624498667,0.0,0.0,0.0075490269293135084,0.03960845811004637,0.0,0.0,0.030101190061507282,0.0,0.14851991120249391,0.005732041298890257,0.0,0.27176754464221486
LIHC-TCGA-DD-AACB-01A-21-A646-42-X035-S09,0.0,0.0,0.00472306764370971,0.3275698731593442,0.08616024696808991,0.007893396225050893,0.0012062191637617846,0.04741304431039995,0.0,0.0,0.0,0.41217939680280974,0.0,0.0,0.0,0.11285475082887136
LIHC-TCGA-DD-AACI-01A-21-A646-42-X036-S08,0.06807382664481064,0.0,0.06771153330977987,0.8547172801258339,0.0,0.0,0.009497350451768381,0.0,0.0,0.0,0.0,0.0,0.0,0.0,0.0,0.0
LIHC-TCGA-DD-AACL-01A-31-A646-42-X034-S12,0.0,0.0,0.0,0.24840030877153751,0.307496990071433,0.0,0.019290798079790835,0.0,0.017086999853119667,0.0,0.0,0.3955673968742585,0.0,0.0,0.0,0.012157501914131539
LIHC-TCGA-G3-AAV0-01A-21-A644-42-X030-S06,0.0,0.0,0.0,0.999999990345327,0.0,0.0,0.0,0.0,0.0,0.0,0.0,0.0,0.0,0.0,0.0,0.0
LIHC-TCGA-LG-A9QC-01A-31-A645-42-X031-S08,0.0,0.0,0.0,0.5063500987550996,0.48116433275335674,0.005516904662537615,0.006039172430686503,0.0,0.0,0.0,0.000929484525860314,0.0,0.0,0.0,0.0,0.0
LIHC-TCGA-LG-A9QD-01A-21-A646-42-X038-S02,0.0,0.0,0.0,0.4640304200450132,0.5359695740410841,0.0,0.0,0.0,0.0,0.0,0.0,0.0,0.0,0.0,0.0,0.0
LUAD-TCGA-44-3918-01A-51-A644-42-X033-S08,0.08616071355611905,0.0,0.0,0.0,0.07061374062735697,0.08432250493575634,0.7589030220930256,0.0,0.0,0.0,0.0,0.0,0.0,0.0,0.0,0.0
LUAD-TCGA-44-6146-01A-41-A602-42-X003-S11,0.057220764118812564,0.0,0.5405758375786205,0.0,0.0,0.018953057660381346,0.14249418674408512,0.0,0.0,0.0719649531276948,0.1687911881422167,0.0,0.0,0.0,0.0,0.0
LUAD-TCGA-44-A47F-01A-22-A602-42-X004-S02,0.05465462644505852,0.0,0.01498843403322386,0.018339633520960383,0.0,0.0,0.3200360485121173,0.0317160089215529,0.07488645333629856,0.0023582107947859457,0.2128121823587731,0.0,0.0,0.27020839537283725,0.0,0.0
LUAD-TCGA-49-AARO-01A-22-A602-42-X002-S02,0.0,0.0,0.0,0.0,0.26528375962733824,0.01905563093819247,0.49890418262680386,0.0,0.1422896561857615,0.0,0.0,0.0,0.0,0.0,0.0,0.0744667597303992
LUAD-TCGA-4B-A93V-01A-22-A646-42-X042-S06,0.46165673163326826,0.0,0.0,0.021948591752671425,0.0,0.004821696361220451,0.18110864711575933,0.012992613396889981,0.0,0.0,0.2176175378820174,0.0,0.004984377096326945,0.07823820483857225,0.0,0.016631595189555124
LUAD-TCGA-73-A9RS-01A-22-A602-42-X001-S02,0.2652232780853075,0.0,0.02244882263096608,0.014477810491556822,0.0,0.0,0.028708831087958107,0.0,0.07139057330656624,0.0,0.06517736415925839,0.07921419708079334,0.0,0.3116700405038198,0.11122478260327347,0.030464298224038622
LUAD-TCGA-86-A4D0-01A-22-A646-42-X033-S04,0.5523804529318259,0.0,0.0,0.05090358875241956,0.0,0.0,0.10696131148643499,0.0929496706388139,0.0,0.0,0.13871452163819203,0.058090450746713596,0.0,0.0,0.0,0.0
LUAD-TCGA-86-A4P7-01A-22-A646-42-X036-S09,0.039989194722692877,0.0,0.0,0.0,0.056486049403867845,0.0006470827657250099,0.22443572557516353,0.03382148498097811,0.0,0.0,0.22256869731572043,0.3243249176441394,0.0,0.0,0.0,0.09772684270726298
LUAD-TCGA-86-A4P8-01A-31-A644-42-X028-S01,0.0,0.0,0.0,0.0,0.532794185826761,0.0,0.3077366349841997,0.0,0.0,0.15946917192450258,0.0,0.0,0.0,0.0,0.0,0.0
LUAD-TCGA-91-A4BC-01A-22-A646-42-X038-S11,0.0,0.0,0.0,0.0327795936759605,0.24416176460214495,0.0,0.1715983517972465,0.04724261868000257,0.0,0.0,0.0,0.3779332685783118,0.0,0.0,0.12628439790886606,0.0
LUAD-TCGA-91-A4BD-01A-22-A646-42-X037-S01,0.0,0.038162687622412726,0.0,0.0003874054839348221,0.01822046687731186,0.010903933639080102,0.4425382814490536,0.0,0.0,0.2421996701438645,0.24758754566807145,0.0,0.0,0.0,0.0,0.0
LUAD-TCGA-93-A4JN-01A-22-A646-42-X029-S03,0.022655892438793457,0.011625147580002692,0.016093062728968013,0.0,0.12131138325707456,0.0,0.18207464032009738,0.0,0.05087307346221798,0.06252989659926277,0.03470303247623109,0.0,0.06730783282391795,0.0,0.4085606832600812,0.02226535079342468
LUAD-TCGA-93-A4JO-01A-12-A646-42-X040-S01,0.0,0.0,0.007510177359093193,0.0,0.4187072882615603,0.004594729852537179,0.11328435142002119,0.0,0.0,0.0,0.10710924065032548,0.3487942082815747,0.0,0.0,0.0,0.0
LUAD-TCGA-93-A4JQ-01A-22-A646-42-X035-S05,0.0,0.0,0.011318357820476922,0.0,0.5441071008489318,0.010185270666388859,0.17841182033440858,0.0,0.06826764063155605,0.0,0.0,0.18770980367020326,0.0,0.0,0.0,0.0
LUAD-TCGA-L4-A4E6-01A-22-A602-42-X003-S02,0.0,0.0,0.0,0.0,0.1971828841090074,0.022372574947729068,0.6201666179157983,0.0,0.06957306343135601,0.0,0.0,0.0,0.0,0.0,0.0,0.09070484704435822
LUAD-TCGA-L9-A8F4-01A-22-A602-42-X002-S03,0.12463870587299479,0.0,0.005948449734874678,0.0,0.30906630999042084,0.005024962598930453,0.13008009446135835,0.0,0.0,0.0004963294884539594,0.03332034006361788,0.39142480363268994,0.0,0.0,0.0,0.0
LUAD-TCGA-MP-A4SV-01A-22-A602-42-X004-S01,0.21090847234176877,0.0,0.0,0.0,0.0,0.010619594513045146,0.3717521596916197,0.07282964136817645,0.05767502311066225,0.0,0.0,0.0,0.0,0.0,0.2762151013863895,0.0
LUAD-TCGA-MP-A4T4-01A-22-A646-42-X039-S12,0.0,0.01690720014525648,0.0,0.0,0.13197389892310243,0.023738963271808924,0.26874796272436935,0.0,0.23684256865530176,0.06673599704025937,0.0,0.0,0.0,0.1284643800323586,0.0,0.1265890217530253
LUAD-TCGA-MP-A4T7-01A-22-A646-42-X026-S01,0.0,0.06661943044027184,0.04226137163840113,0.0,0.2691770168782656,0.01128340839038215,0.08943345704315189,0.0,0.1758213420210795,0.0,0.0,0.01323970932969856,0.0,0.314568482698461,0.0,0.0175957771431278
LUAD-TCGA-MP-A4TE-01A-12-A646-42-X032-S03,0.34193316326377243,0.02843114167871788,0.0,0.0424316672095654,0.0,0.0,0.18867263434221726,0.15106743119126476,0.0,0.0,0.09862408882321902,0.0,0.0,0.013708630191155313,0.13513123842349611,0.0
LUAD-TCGA-MP-A4TF-01A-22-A646-42-X031-S05,0.11433032646690883,0.0,0.07701461467586296,0.0,0.09724778591644867,0.006764532819420748,0.1695893078580412,0.0,0.2859734669516266,0.0,0.0,0.0,0.0,0.21016912780987554,0.0,0.038910831891272014
LUAD-TCGA-NJ-A4YG-01A-12-A646-42-X030-S03,0.0,0.0,0.020064346853765902,0.0,0.47043410749090714,0.004293733064552294,0.5022518619758496,0.002955940465335796,0.0,0.0,0.0,0.0,0.0,0.0,0.0,0.0
LUSC-TCGA-33-A4WN-01A-31-A644-42-X032-S08,0.0,0.0,0.006251766797116214,0.0,0.14110228525682464,0.0008662409695512761,0.0,0.0,0.4885206477954065,0.0,0.002817173361800586,0.36044188343653166,0.0,0.0,0.0,0.0
LUSC-TCGA-37-A5EM-01A-31-A644-42-X036-S02,0.0,0.0,0.0,0.0,0.020544166396395922,0.0,0.003417852082533865,0.0,0.8359653342984616,0.0,0.0,0.046871918642166645,0.01404845469259519,0.0,0.0,0.07915227132783388
LUSC-TCGA-63-A5MR-01A-21-A644-42-X038-S06,0.0,0.0,0.0,0.0,0.46564627475598763,0.005373797853228785,0.06747333503492806,0.0,0.0,0.019807908376387347,0.0,0.44169868025601156,0.0,0.0,0.0,0.0
LUSC-TCGA-77-A5G6-01A-31-A644-42-X025-S04,0.0,0.0,0.0,0.0,0.0,0.0,0.0000448344912637979,0.0,0.43533339488634826,0.010941981154212924,0.09702608688187728,0.04546701736400656,0.03852352793331686,0.002863515619697284,0.3660252372698406,0.0037744027851448706
LUSC-TCGA-85-A4CL-01A-11-A646-42-X027-S02,0.0,0.014998309856709155,0.002325571477787131,0.002846236216062182,0.013356686114644687,0.0002715664010358454,0.0,0.00020164542817703796,0.6147757060374707,0.0,0.0,0.10608489780805856,0.07734433810049635,0.16779504051096428,0.0,0.0
LUSC-TCGA-85-A4CN-01A-31-A644-42-X041-S10,0.0,0.0,0.0,0.0,0.0,0.0,0.0,0.0,0.6489575863288006,0.0,0.013714819614644817,0.03452590417027488,0.15522875631027216,0.0206940082773059,0.0,0.12687892326480324
LUSC-TCGA-85-A4JB-01A-21-A645-42-X031-S10,0.0,0.0,0.0,0.0,0.3486124085738015,0.0006166293650185399,0.00276977999868211,0.0,0.23677987930784578,0.0,0.0,0.19751546546075635,0.0,0.0984749519227196,0.0,0.11523088285087246
LUSC-TCGA-85-A4QR-01A-31-A644-42-X040-S06,0.10918923128406809,0.0,0.0059089551555239405,0.0,0.0,0.004578772702810019,0.01148960013315319,0.0,0.6125674306548117,0.0,0.1229256508093661,0.03496634839161325,0.0,0.0,0.09837400822182812,0.0
LUSC-TCGA-85-A50M-01A-31-A646-42-X028-S09,0.0,0.0,0.0,0.008242814639125655,0.5774476753816871,0.0037462017330541393,0.17995105556678823,0.0,0.0,0.09367443702849516,0.03221729339936229,0.10472051657410965,0.0,0.0,0.0,0.0
LUSC-TCGA-85-A512-01A-31-A644-42-X039-S11,0.0,0.0,0.0,0.0,0.0,0.0,0.0,0.008885928120723648,0.7917802770140627,0.0,0.04076432098822667,0.0294784287492741,0.05862013924743646,0.07047090342816921,0.0,0.0
LUSC-TCGA-98-A53A-01A-31-A644-42-X034-S01,0.0,0.0,0.0,0.0006818077782658081,0.0,0.0,0.0,0.0,0.4672936766343364,0.00811292441458004,0.06530605572461502,0.07096676309636356,0.09394282496363812,0.0,0.2936959456650824,0.0
LUSC-TCGA-98-A53J-01A-31-A644-42-X037-S05,0.0,0.0,0.0,0.0,0.24176409929952922,0.0,0.0,0.0,0.6828707416674609,0.0,0.0,0.07275842103290155,0.0,0.0,0.0,0.002606735323851869
LUSC-TCGA-J1-A4AH-01A-21-A644-42-X035-S04,0.0,0.0,0.0,0.0,0.033238978443025036,0.0058885657568503134,0.0,0.0,0.473178383679789,0.0,0.0,0.2923276862270844,0.03880327602948604,0.09443124087541724,0.0,0.062131866664699484
LUSC-TCGA-MF-A522-01A-31-A644-42-X039-S07,0.0,0.0,0.006245812487088628,0.0035126563726924523,0.0,0.0,0.0059007826289253,0.0,0.923529090243637,0.0,0.0,0.0,0.0,0.0,0.05456273761498546,0.006248917837476635
LUSC-TCGA-O2-A52N-01A-31-A644-42-X030-S10,0.0,0.0,0.0012302867684942486,0.0,0.6156282652944369,0.010069745431030194,0.11436737310240085,0.0,0.0,0.024580962548996624,0.03244752115855455,0.2016758404859318,0.0,0.0,0.0,0.0
LUSC-TCGA-XC-AA0X-01A-11-A645-42-X024-S06,0.0,0.0,0.0,0.0,0.0962093188703821,0.023106425871211155,0.06917406070247266,0.0,0.6890558336089972,0.04727191138853512,0.0,0.07518244440599996,0.0,0.0,0.0,0.0
MESO-TCGA-3U-A98E-01A-31-A645-42-X040-S12,0.0,0.03637357192930702,0.00586467521763501,0.0053255064323271244,0.20930927962031576,0.0,0.0,0.0,0.01682136644611291,0.017494206012188478,0.02760151296895702,0.05981705012659521,0.012731508212696035,0.5515924746722194,0.0,0.05706884668835552
MESO-TCGA-3U-A98I-01A-31-A645-42-X036-S10,0.0,0.057205745129670804,0.002138342849395883,0.0,0.1614753264367217,0.0,0.0,0.0,0.05385183506256207,0.009400048313394766,0.0,0.0,0.061419164193961324,0.443093629183838,0.10427837232542422,0.10713753511703358
MESO-TCGA-LK-A4NW-01A-31-A646-42-X033-S01,0.0008266939845140308,0.05644455680573182,0.0004096516246947467,0.009599940656448296,0.20558991066770477,0.0,0.0008477023407833304,0.0,0.04452936684881693,0.019322430473115017,0.0,0.0,0.0,0.46728604698615656,0.1090876409650126,0.08605605703867199
MESO-TCGA-LK-A4NY-01A-31-A646-42-X035-S01,0.0,0.07020231492668975,0.0007600621659733256,0.0,0.2025832414362157,0.0,0.0,0.0,0.024101383934749424,0.02187011117612429,0.0,0.0,0.06402751690978666,0.4819221476116053,0.041720840969371835,0.09281237931084782
MESO-TCGA-LK-A4O6-01A-31-A646-42-X039-S01,0.0,0.01114252357654736,0.0,0.019979920305458934,0.4314106247197129,0.010933260475605222,0.18492189530393544,0.0,0.0,0.18206200093607403,0.15954976818776664,0.0,0.0,0.0,0.0,0.0
MESO-TCGA-MQ-A4KX-01A-31-A645-42-X032-S05,0.0,0.03494459292126787,0.005158313622999812,0.0019688976561840154,0.22413856789842362,0.000028129400282567442,0.0,0.0,0.0,0.007992290528325776,0.031733979909199427,0.08660854484585011,0.02345202351014391,0.5448058906866934,0.0,0.0391687674568701
MESO-TCGA-SH-A9CU-01A-31-A645-42-X030-S11,0.0,0.04818915637092614,0.003041634585121907,0.001136246802706984,0.12458138065639436,0.0,0.0,0.0,0.03408353175244653,0.029120006955561925,0.0,0.00968172078025747,0.0625292379927595,0.5176065215337574,0.12474513807485442,0.04528542309836934
PCPG-TCGA-QT-A5XJ-01A-31-A644-42-X028-S03,0.04939335517811489,0.009786717247486237,0.0,0.0012949509145707431,0.0,0.0011323583456004987,0.0017161092765020705,0.016819174300952085,0.0,0.0,0.07579930707827313,0.12246763716204671,0.2015603260604936,0.5200300633828547,0.0,0.0
PCPG-TCGA-QT-A5XM-01A-31-A645-42-X040-S08,0.0,0.0,0.0,0.0,0.0,0.0,0.0,0.0,0.0,0.0,0.0,0.0,0.030140481856229247,0.9698595175733788,0.0,0.0
PCPG-TCGA-QT-A5XN-01A-31-A645-42-X029-S01,0.0,0.0,0.0,0.0,0.0,0.00013840767073704447,0.0,0.0,0.0,0.0,0.0,0.006763496277145651,0.02256760007915684,0.9705304954029657,0.0,0.0
PCPG-TCGA-QT-A69Q-01A-31-A645-42-X026-S12,0.0,0.0,0.0,0.0,0.0,0.00016549380732639994,0.0,0.0,0.0,0.0,0.0,0.005053883648425253,0.03960413219589928,0.9551764897655616,0.0,0.0
PCPG-TCGA-RM-A68W-01A-31-A644-42-X033-S03,0.0,0.0,0.0,0.0,0.004876504235552401,0.00651183959888084,0.0,0.0,0.0,0.007364024296993528,0.0,0.01548627964484274,0.1983543221354487,0.7674070288932854,0.0,0.0
PCPG-TCGA-RT-A6YA-01A-31-A644-42-X038-S04,0.0,0.0,0.0,0.0,0.0,0.0,0.0,0.0,0.0,0.0,0.0,0.0,0.013910221833242678,0.9860897775888476,0.0,0.0
PCPG-TCGA-RW-A8AZ-01A-31-A645-42-X037-S03,0.0,0.0006380642376099491,0.00046954724411863596,0.0,0.0,0.0,0.0,0.0,0.009592375160779628,0.0019374655578407386,0.0,0.0036037385247861416,0.05952948851641481,0.924229320134755,0.0,0.0
PCPG-TCGA-TT-A6YP-01A-31-A645-42-X036-S12,0.000019426687164450182,0.0,0.0,0.0,0.0,0.00026194295400481046,0.0,0.0,0.0,0.0,0.0,0.0049767465891393204,0.0492276096381319,0.9455142735163123,0.0,0.0
PCPG-TCGA-WB-A818-01A-31-A645-42-X032-S10,0.0,0.0,0.0,0.0,0.0,0.0005143089954700624,0.0,0.0,0.0,0.0,0.0,0.0,0.0,0.9994856903983376,0.0,0.0
PRAD-TCGA-EJ-7218-01B-41-A644-42-X033-S09,0.03089006965819595,0.0,0.0,0.0,0.0,0.004511483104101484,0.0,0.0,0.0,0.0,0.9645984454766591,0.0,0.0,0.0,0.0,0.0
PRAD-TCGA-EJ-7318-01B-31-A646-42-X026-S10,0.0,0.0,0.0,0.0,0.03881409890906693,0.0007683581509554168,0.0,0.0,0.021513045424671483,0.0,0.7930124845394502,0.0,0.0507436147898417,0.0,0.09514839676145079,0.0
PRAD-TCGA-EJ-A46B-01A-11-A644-42-X034-S03,0.0,0.0,0.0,0.0,0.0,0.0014437025814101976,0.0,0.0,0.0,0.0,0.9771485161506605,0.0027837997588780116,0.01862397997481741,0.0,0.0,0.0
PRAD-TCGA-EJ-A46D-01A-31-A644-42-X030-S07,0.0,0.0,0.0,0.0,0.006555385165427492,0.0022843159790930548,0.0,0.0,0.038266038155026584,0.002104760677258327,0.9226846428909472,0.0,0.0281048555204794,0.0,0.0,0.0
PRAD-TCGA-EJ-A46E-01A-21-A644-42-X038-S01,0.032626687148760394,0.00549887211899557,0.006094299538083594,0.0,0.023617039163430553,0.004724756546377153,0.0,0.0,0.005213393958831602,0.02152242774596613,0.683585588788663,0.0,0.0,0.004872104309841575,0.21224482903281494,0.0
PRAD-TCGA-EJ-A46F-01A-11-A644-42-X038-S12,0.015268523316242127,0.0,0.006346704544786157,0.0,0.056020502016064136,0.0,0.007586526021533237,0.0,0.07361737200326832,0.0,0.8411603702408164,0.0,0.0,0.0,0.0,0.0
PRAD-TCGA-EJ-A46G-01A-21-A644-42-X041-S03,0.0,0.0,0.0,0.0,0.0,0.007792478150457389,0.0,0.0008113905203235758,0.0,0.0,0.9913961292965926,0.0,0.0,0.0,0.0,0.0
PRAD-TCGA-EJ-A46H-01A-21-A644-42-X042-S01,0.0,0.0,0.0,0.0,0.0,0.004283207691608375,0.0,0.0,0.0,0.0,0.9957167905764233,0.0,0.0,0.0,0.0,0.0
PRAD-TCGA-EJ-A65B-01A-31-A644-42-X039-S06,0.0681069156666107,0.027755563711270442,0.0035864918573182748,0.0018053583011508802,0.0,0.0036917116990207457,0.0,0.0,0.0,0.03552998869826134,0.25877253434741465,0.0,0.00571268669646509,0.230825668495886,0.3642130792320133,0.0
PRAD-TCGA-EJ-A65F-01A-31-A644-42-X035-S08,0.06478326586115336,0.0,0.0,0.0,0.0,0.005335671888381067,0.0007625092599169174,0.0,0.001650946576089062,0.0,0.927467604642439,0.0,0.0,0.0,0.0,0.0
PRAD-TCGA-EJ-A7NG-01A-21-A646-42-X025-S08,0.0,0.0,0.0,0.0,0.0,0.0040332133336544755,0.0,0.0,0.0,0.0,0.9959667849576767,0.0,0.0,0.0,0.0,0.0
PRAD-TCGA-EJ-A7NM-01A-31-A646-42-X025-S09,0.08391384424871225,0.0,0.0019960228617264737,0.004691773465536614,0.0,0.0,0.0,0.006578340951240167,0.0,0.0,0.8097267218646503,0.01721874451789312,0.0,0.0,0.04765287577232849,0.02822167485802877
PRAD-TCGA-EJ-A8FN-01A-31-A645-42-X024-S03,0.0,0.0,0.0005098973962445482,0.0,0.07392136092989965,0.001260565021629703,0.0,0.0,0.060377835873786645,0.0085209818823664,0.5312835323428913,0.0,0.0,0.0,0.3241258251491276,0.0
PRAD-TCGA-EJ-A8FP-01A-31-A645-42-X031-S12,0.007223333201683362,0.0,0.007036724514069478,0.0,0.05993452558964692,0.0005538050688986504,0.0,0.0013509548354483085,0.036478581880170814,0.008497208605583825,0.6188930697991486,0.0,0.0,0.0,0.2600317950859699,0.0
PRAD-TCGA-KC-A4BV-01A-21-A646-42-X030-S08,0.023340919876916246,0.0,0.014598733546167248,0.0,0.10239669330597333,0.005781368144043127,0.0,0.0,0.0,0.0,0.43135884310818845,0.0,0.0,0.0,0.42252344028715433,0.0
PRAD-TCGA-SU-A7E7-01A-11-A645-42-X033-S11,0.07316456693413684,0.0,0.01957797003189205,0.0,0.05329194760162696,0.0,0.004903136229596578,0.000022839966692597233,0.20520841172486828,0.006321552679589934,0.41459060590936525,0.0,0.0,0.0,0.22291896712382273,0.0
PRAD-TCGA-VN-A88K-01A-31-A645-42-X032-S04,0.038320805285412984,0.0,0.0,0.00740482895246691,0.0,0.0,0.0,0.0,0.0,0.0,0.92739413089066,0.02502947096503873,0.0,0.0,0.0,0.0018507623501754112
PRAD-TCGA-VP-A875-01A-11-A645-42-X036-S07,0.00611346532939749,0.0,0.0027654309900510717,0.0,0.004783079501836262,0.003072045507529431,0.0028389356992397537,0.0013936519587528476,0.006163012358409525,0.0,0.9728703769177794,0.0,0.0,0.0,0.0,0.0
PRAD-TCGA-YL-A8HJ-01A-31-A645-42-X028-S10,0.0,0.0,0.0,0.0,0.02099652344643509,0.006536590875125881,0.0,0.0,0.004941501285706699,0.0,0.9675253824998457,0.0,0.0,0.0,0.0,0.0
PRAD-TCGA-YL-A8SB-01A-11-A646-42-X031-S02,0.0,0.0,0.0,0.0,0.0,0.0007979690562018621,0.0,0.0,0.01059594773396708,0.0,0.9362697460711463,0.0,0.05233633565179752,0.0,0.0,0.0
PRAD-TCGA-YL-A8SL-01B-31-A645-42-X040-S09,0.011252575589407584,0.000984726914710557,0.0,0.004350100207791445,0.0,0.0,0.0,0.004435234483378167,0.0,0.0,0.7873581359149641,0.0399979410614588,0.06691488770328848,0.06304430256890292,0.0,0.0216620941134585
PRAD-TCGA-YL-A8SP-01B-22-A645-42-X040-S10,0.0,0.0,0.0,0.005924720705973713,0.0,0.0,0.0,0.0,0.0,0.0,0.6567285971625505,0.04387613315596629,0.055441803442837376,0.22089966581799467,0.0,0.01712907839506967
PRAD-TCGA-YL-A9WK-01A-31-A645-42-X029-S07,0.0,0.0,0.0,0.003892564422370255,0.0,0.0018218710021451322,0.0,0.0,0.0,0.0,0.9706185272860164,0.023667035643782672,0.0,0.0,0.0,0.0
PRAD-TCGA-ZG-A9L0-01A-31-A645-42-X037-S12,0.013824863202227275,0.0,0.0,0.006879551179294466,0.0,0.0,0.0,0.0,0.0,0.0,0.8576566157894926,0.02964246643193014,0.022262554059830512,0.06419085069601248,0.0,0.005543097189261068
PRAD-TCGA-ZG-A9L1-01A-31-A645-42-X034-S06,0.0,0.0,0.0,0.0,0.0,0.0029126117105511004,0.0,0.0,0.0,0.0,0.986884697768711,0.0,0.010202688820473267,0.0,0.0,0.0
PRAD-TCGA-ZG-A9L2-01A-21-A645-42-X029-S12,0.008629308954331312,0.0,0.0,0.005501728604075737,0.0,0.0,0.0,0.0,0.0,0.0,0.936203464623477,0.02172043103611995,0.0,0.013224011092159758,0.0,0.014721054180296768
SKCM-TCGA-D3-A8GM-06A-31-A646-42-X038-S10,0.0,0.0,0.0,0.0,0.016945660768405944,0.0,0.0,0.0,0.0,0.0,0.0,0.001656176970810596,0.0,0.0,0.0,0.9813981613821307
SKCM-TCGA-D3-A8GP-06A-22-A645-42-X041-S04,0.0,0.0010483591454784552,0.0,0.0,0.0,0.00026191152952274914,0.0001681233280741462,0.0011604943527181045,0.0,0.0,0.0,0.0,0.013785721086633231,0.007907509204699596,0.0,0.9756678804938348
SKCM-TCGA-D9-A1JW-06A-31-A644-42-X033-S10,0.008285787787836587,0.004933127088106826,0.0,0.0008342875367808632,0.0,0.0,0.0,0.0,0.0,0.0013825320792698753,0.0,0.03959687040095475,0.0,0.0,0.015175389566342328,0.9297920046971331
SKCM-TCGA-D9-A6EA-06A-31-A644-42-X039-S02,0.0,0.0,0.0,0.0,0.01679104104988995,0.0013797856721185328,0.0,0.0,0.0,0.0,0.0,0.003339964755513989,0.0,0.0,0.03538413528287079,0.9431050722987692
SKCM-TCGA-D9-A6EC-06A-31-A644-42-X037-S11,0.0,0.0002842987762129248,0.0,0.0,0.0,0.0004449271272707973,0.0,0.0,0.004468006137448845,0.0,0.0,0.0,0.00577975972027682,0.010878704262324101,0.15136298418860006,0.8267813189922228
SKCM-TCGA-DA-A95W-06A-22-A645-42-X026-S09,0.0,0.0,0.0,0.00026053398814448824,0.0,0.0018651691449783204,0.0,0.0,0.0,0.0,0.006104223110496242,0.0,0.11602803492432306,0.015047074070817764,0.0,0.8606949637954318
SKCM-TCGA-DA-A95Y-06A-22-A645-42-X032-S12,0.0,0.0,0.0,0.0,0.0,0.0,0.001133009020838445,0.0,0.00829057650137061,0.0,0.0,0.0,0.0,0.0,0.0,0.9905764136011007
SKCM-TCGA-EB-A24C-01A-31-A644-42-X024-S11,0.0,0.0,0.0,0.0,0.0,0.0,0.0,0.0,0.0,0.0,0.0,0.0,0.0,0.0,0.0,0.9999999991566975
SKCM-TCGA-EB-A3XF-01A-21-A644-42-X040-S05,0.0,0.0,0.0,0.015714105342663185,0.1895258705727364,0.002253458537708875,0.0,0.0,0.0,0.0033635951159400926,0.001100589590321518,0.0,0.316865561912074,0.22497546144798247,0.007881413759696355,0.2383199419975723
SKCM-TCGA-EB-A3Y6-01A-31-A644-42-X035-S10,0.031123946156205975,0.0,0.0,0.0,0.2102899974607491,0.00026967185842485374,0.0,0.0,0.01073296916442989,0.009078188811061995,0.0,0.0,0.10637537169336318,0.035446787333361644,0.5318292715828383,0.06485379436626282
SKCM-TCGA-EB-A5KH-06A-31-A644-42-X029-S10,0.0,0.0,0.0,0.0,0.0,0.002142983101323093,0.0,0.0,0.0,0.0,0.0015142922316037442,0.04207514904736047,0.018403538647560246,0.008864332263704923,0.0,0.9269997036972764
SKCM-TCGA-EB-A5SH-06A-31-A644-42-X025-S11,0.0,0.0,0.0,0.0008583611685411955,0.0017887937597324329,0.0,0.0,0.0,0.0,0.0,0.007442333188924745,0.07094961797354933,0.0,0.0,0.0,0.9189608929750467
SKCM-TCGA-XV-AAZY-01A-31-A645-42-X030-S05,0.0,0.0,0.0,0.0,0.007104110698319761,0.0022370637063229256,0.0,0.0,0.0,0.0,0.0,0.0,0.0,0.0,0.0,0.9906588246188516
STAD-TCGA-BR-A452-01A-41-A644-42-X039-S10,0.0,0.0,0.488879704969152,0.0,0.0,0.025193218977866156,0.0,0.3981318156271857,0.0,0.0,0.08779524931378441,0.0,0.0,0.0,0.0,0.0
STAD-TCGA-BR-A4CR-01A-31-A644-42-X027-S08,0.10997162328001742,0.0,0.004956396139503416,0.0161585277681243,0.0,0.0031321199201806505,0.009797404391070609,0.12810982146023034,0.018752788291623915,0.00009830718946397717,0.09451939884145184,0.19522163416868557,0.09592651313737859,0.3233554632923622,0.0,0.0
STAD-TCGA-BR-A4CS-01A-31-A644-42-X027-S09,0.1311536600703887,0.010711019496868339,0.13989254912165203,0.043432314831268574,0.0,0.0028811169145297045,0.006812991781256767,0.2224924385430958,0.0,0.0,0.0,0.0006583363023765014,0.0,0.0,0.44196556860921227,0.0
STAD-TCGA-BR-A4IY-01A-31-A646-42-X037-S02,0.0,0.0,0.2655643037319999,0.022056142062689237,0.08383870101474507,0.008992816602240562,0.0,0.0,0.0,0.028082327325997896,0.42755500553726944,0.1639106975876492,0.0,0.0,0.0,0.0
STAD-TCGA-BR-A4J1-01A-31-A646-42-X029-S06,0.0,0.053513528805150194,0.09336535671141293,0.07025962752150572,0.0,0.02473331824532224,0.0,0.45927377582380813,0.0,0.0,0.0,0.29885438649555524,0.0,0.0,0.0,0.0
STAD-TCGA-BR-A4J2-01A-11-A646-42-X036-S11,0.0,0.0,0.4815432357725523,0.0,0.0,0.053236052659184345,0.0,0.0,0.0,0.0,0.4652206997360248,0.0,0.0,0.0,0.0,0.0
STAD-TCGA-BR-A4J4-01A-31-A646-42-X025-S07,0.0,0.11967350324534601,0.10836660844780613,0.015602548810556156,0.25936407982000054,0.0024827256804204638,0.0,0.0888369112758384,0.0,0.0,0.0,0.4056736185514588,0.0,0.0,0.0,0.0
STAD-TCGA-BR-A4J5-01A-31-A646-42-X037-S09,0.0,0.0,0.6719408435720041,0.0,0.12232719453300762,0.024519788415486264,0.0,0.0,0.0,0.0,0.1812121606523757,0.0,0.0,0.0,0.0,0.0
STAD-TCGA-BR-A4J6-01A-31-A646-42-X028-S05,0.0,0.016411226424795266,0.12561573708087567,0.0,0.5285873280643314,0.0,0.05015388253130584,0.0,0.19898408221424327,0.0,0.0,0.0,0.0,0.0,0.0,0.08024773819990258
STAD-TCGA-BR-A4J7-01A-21-A645-42-X032-S06,0.0,0.0,0.09221420578117534,0.0012687143578714371,0.09317438780078248,0.011931431510967072,0.0,0.0,0.0,0.011946770325716291,0.22220427576893925,0.08409739603455205,0.08930536933932953,0.0,0.3938574458269204,0.0
STAD-TCGA-BR-A4J9-01A-31-A646-42-X030-S04,0.0,0.0,0.5050923834961457,0.0,0.4829861951325593,0.0,0.0,0.0,0.011921411656838124,0.0,0.0,0.0,0.0,0.0,0.0,0.0
STAD-TCGA-BR-A4QL-01A-11-A644-42-X028-S06,0.0,0.0,0.0,0.011127535696473326,0.37769785414002405,0.0,0.0,0.0,0.0,0.0,0.0,0.0,0.19766912657662733,0.3185724835252229,0.0,0.09493299787769634
STAD-TCGA-CD-A486-01A-31-A646-42-X041-S02,0.14932847442983085,0.0,0.10156862679702121,0.05907675679359141,0.0,0.011461329655272206,0.03860671109491327,0.16076720899296262,0.007772398811609433,0.0,0.0,0.19941167833907988,0.0,0.0,0.2720068101419485,0.0
STAD-TCGA-CD-A48C-01A-31-A646-42-X024-S08,0.0,0.02764068848961584,0.29014882698433747,0.008697204032771855,0.0,0.003449758982870423,0.013894176511172097,0.13197862446003972,0.18110887431874842,0.0,0.0,0.008308936152736222,0.0,0.1988596871481553,0.0,0.13591321622206975
STAD-TCGA-D7-A4YX-01A-31-A644-42-X029-S08,0.0,0.0,0.254736082815184,0.021776365002877322,0.11506115437860494,0.020193122598434546,0.0,0.0,0.022490992087575427,0.0,0.0,0.2801386955866342,0.0,0.0,0.0,0.2856035805117928
STAD-TCGA-D7-A6EZ-01A-31-A644-42-X024-S05,0.0,0.0,0.11268138020814708,0.056428301404828914,0.0393789592897944,0.023857538801479936,0.0,0.11107974778747855,0.0,0.0,0.0,0.3361540680374234,0.0,0.0,0.0,0.3204199989973598
STAD-TCGA-HF-A5NB-01A-31-A644-42-X026-S07,0.0,0.0,0.5012714239279473,0.0,0.0,0.013033745106571227,0.0,0.4844550262775787,0.0012397933004211427,0.0,0.0,0.0,0.0,0.0,0.0,0.0
STAD-TCGA-VQ-A8PJ-01A-31-A645-42-X042-S05,0.0,0.0,0.3857013997756835,0.04821731673795805,0.0,0.0,0.01767658454259084,0.35796681133836333,0.18384695464672252,0.0,0.0,0.006590923958741855,0.0,0.0,0.0,0.0
STAD-TCGA-VQ-A91E-01A-11-A646-42-X035-S12,0.0,0.0,0.4888144217125436,0.0,0.0,0.06117375460723655,0.0,0.0,0.0,0.0,0.0,0.42788222911815216,0.0,0.0,0.0,0.022129581986068705
STAD-TCGA-VQ-A91W-01A-31-A645-42-X038-S08,0.0,0.0,0.08403912497104196,0.017234353884738596,0.08357763644755851,0.0039210643165484725,0.0,0.08137783285424202,0.0,0.0,0.09957084290617958,0.025344955254696606,0.02606095401719983,0.09623262024295445,0.3313721259893245,0.15126848625349867
STAD-TCGA-VQ-A94O-01A-31-A645-42-X031-S11,0.0,0.0,0.35967938775032116,0.0,0.2578317480817829,0.00855711952326145,0.0,0.0,0.0,0.0,0.00344343652339127,0.37048830068303984,0.0,0.0,0.0,0.0
TGCT-TCGA-2G-AAFM-01A-31-A644-42-X025-S03,0.0,0.014981442207522355,0.0,0.0,0.011378291863058953,0.0000506971976775504,0.001119141335654132,0.001564461063185471,0.02986650504179474,0.0023579619692371706,0.0,0.8874719273509105,0.02108229677660702,0.0,0.03012727346617979,0.0
TGCT-TCGA-2G-AAFO-01A-21-A644-42-X041-S09,0.0,0.0148203731541506,0.0,0.0,0.0,0.0,0.0,0.0,0.051690430239483116,0.007354071757052449,0.0,0.9039958877241571,0.0,0.0,0.02213923524473702,0.0
TGCT-TCGA-2G-AAGS-01A-31-A644-42-X028-S07,0.011628457308110993,0.031442695040145956,0.0,0.0,0.03821829804258118,0.0023463617621610113,0.0,0.0,0.023393869280752478,0.013369861438944539,0.0,0.44500970954968194,0.19625327838847634,0.18406574753368082,0.04494939047852397,0.009322329669253043
TGCT-TCGA-2G-AAH8-01A-31-A644-42-X034-S04,0.0,0.0,0.0,0.0,0.0,0.0,0.0,0.0,0.0,0.0,0.0,0.9999999982103694,0.0,0.0,0.0,0.0
TGCT-TCGA-2G-AAKG-05A-22-A646-42-X024-S09,0.0,0.0,0.0,0.0,0.06758796545193543,0.0033224880741197934,0.0,0.0,0.0,0.0,0.0,0.9290895444842058,0.0,0.0,0.0,0.0
TGCT-TCGA-4K-AA1I-01A-31-A644-42-X026-S11,0.0,0.0,0.0,0.0,0.008118207287019319,0.0,0.0,0.0,0.0,0.0,0.0,0.9918817909919576,0.0,0.0,0.0,0.0
TGCT-TCGA-XE-AANI-01A-31-A646-42-X038-S09,0.0,0.0,0.0,0.0,0.1806704319244219,0.0011586931750268308,0.0,0.0,0.0,0.003694827678173243,0.034909244174989286,0.24487793906704952,0.3021082219423682,0.1202059210077284,0.004864464126379459,0.10751025527454137
TGCT-TCGA-XE-AAOD-01A-31-A646-42-X027-S05,0.0,0.0,0.0,0.0,0.0,0.001999970858043899,0.0,0.0,0.0,0.0,0.0,0.9980000272562928,0.0,0.0,0.0,0.0
TGCT-TCGA-XE-AAOF-01A-31-A646-42-X035-S11,0.0,0.0,0.0,0.0,0.017216740222163456,0.0,0.0,0.0,0.0,0.0,0.0,0.9827832580435609,0.0,0.0,0.0,0.0
THCA-TCGA-4C-A93U-01A-31-A645-42-X029-S05,0.0,0.005601003131847509,0.0,0.0,0.0,0.01041682485239491,0.05658995956333378,0.0,0.015020417578372273,0.9123717901263265,0.0,0.0,0.0,0.0,0.0,0.0
THCA-TCGA-BJ-A0Z0-01A-31-A645-42-X024-S10,0.0,0.0,0.0,0.003964470853347596,0.0,0.0,0.0,0.0,0.0,0.867377095521422,0.046751277812050844,0.019077787474244885,0.0628293650330811,0.0,0.0,0.0
THCA-TCGA-BJ-A0Z2-01A-31-A645-42-X028-S08,0.0,0.0,0.0,0.0012126783309498442,0.0,0.0,0.0,0.0,0.0,0.7836630219716714,0.05993744585279985,0.028773851438634923,0.10397819234646771,0.022434807030400194,0.0,0.0
THCA-TCGA-BJ-A0Z3-01A-31-A645-42-X031-S03,0.0,0.0,0.0005814861879637554,0.0,0.02405133365018208,0.00040347088630914924,0.0002950398234932263,0.0,0.022105710452519238,0.9525629554587114,0.0,0.0,0.0,0.0,0.0,0.0
THCA-TCGA-BJ-A0Z5-01A-31-A645-42-X030-S09,0.0,0.0,0.0,0.0,0.0,0.0,0.013463379273096683,0.0,0.003962922619653221,0.9825736944402805,0.0,0.0,0.0,0.0,0.0,0.0
THCA-TCGA-BJ-A0ZA-01A-31-A645-42-X041-S06,0.0,0.0,0.0,0.004493335268734872,0.0,0.0,0.0,0.0,0.0,0.8561849901244776,0.0740564930805643,0.02469700406672629,0.04056817416089057,0.0,0.0,0.0
THCA-TCGA-BJ-A0ZC-01A-31-A645-42-X036-S03,0.0,0.02374560202409436,0.0,0.006012580973027224,0.0,0.0,0.0,0.0,0.0,0.6379230971613815,0.12000253692463494,0.06367835607102512,0.1486378240424435,0.0,0.0,0.0
THCA-TCGA-BJ-A192-01A-21-A644-42-X033-S02,0.018729453267154292,0.06046972889048781,0.0,0.003866009672233522,0.0,0.011097723617731413,0.0,0.0,0.0,0.7316407789496204,0.06659580362838469,0.0,0.10760049819229037,0.0,0.0,0.0
THCA-TCGA-BJ-A290-01A-31-A644-42-X032-S11,0.0,0.0,0.0,0.0,0.003828484321162955,0.0024355746154803466,0.0,0.0066657523498107425,0.006596313368909881,0.7667699721597557,0.0,0.05228857612102314,0.008040644190824718,0.0,0.1202117487621367,0.033162931003834516
THCA-TCGA-BJ-A3PU-01A-22-A644-42-X027-S07,0.0,0.0,0.0,0.0,0.0,0.0034010391639386355,0.02626005974291788,0.0,0.0031809491584408774,0.9671579479413908,0.0,0.0,0.0,0.0,0.0,0.0
THCA-TCGA-CE-A13K-01A-31-A645-42-X026-S04,0.0,0.025960804070550597,0.0,0.0028975561379328044,0.04107815996847178,0.0,0.00028585114137539484,0.0,0.0,0.6577426019745802,0.0,0.0,0.07777194800606885,0.1485889497408606,0.0,0.045674126244201405
THCA-TCGA-DJ-A13M-01A-31-A645-42-X025-S10,0.0,0.0,0.0,0.0010303771533701567,0.0,0.0,0.0,0.0,0.0,0.8015404656597371,0.043063281478587755,0.025791281646839744,0.015376159384586138,0.11319843164293916,0.0,0.0
THCA-TCGA-DJ-A13V-01A-22-A644-42-X035-S06,0.0,0.0,0.0,0.0,0.0,0.0,0.012434327258153112,0.0,0.02919919728993603,0.9583664717877397,0.0,0.0,0.0,0.0,0.0,0.0
THCA-TCGA-DJ-A13X-01A-31-A645-42-X042-S08,0.0,0.0,0.0,0.0,0.0,0.0,0.004789100022441457,0.0,0.0,0.9952108962423455,0.0,0.0,0.0,0.0,0.0,0.0
UCEC-TCGA-AP-A051-01A-31-A645-42-X042-S09,0.0,0.0,0.004005566646261446,0.0057792847271054435,0.0,0.0,0.0,0.0,0.0,0.004045713131344785,0.10015932486957504,0.028486226230545492,0.0,0.06194115276579588,0.79558273087428,0.0
UCEC-TCGA-B5-A0JN-01A-31-A645-42-X035-S07,0.0,0.06769986316375347,0.005485663229729123,0.0,0.0,0.0014614174682564837,0.0,0.00503978165237314,0.0009972951497343072,0.02148535302937692,0.0045815003905809405,0.06390665915493221,0.037804875494158494,0.0,0.7915375902759282,0.0
UCEC-TCGA-B5-A0JT-01A-31-A645-42-X031-S01,0.0,0.020525344253844485,0.0,0.0017924392175439298,0.1473238941608898,0.004158479679420389,0.0,0.007403484533306702,0.0,0.013823086305971725,0.028377576144015572,0.02059751888342609,0.11774432117015027,0.13341601345445842,0.5048378406961277,0.0
UCEC-TCGA-B5-A0K9-01A-31-A645-42-X040-S04,0.06067144747891245,0.027850751330171692,0.011096585291019591,0.0037697560227376056,0.0,0.0011930815147886823,0.0012718558909414824,0.002392913287868865,0.0,0.0,0.03538877773005159,0.0034547386225087543,0.0,0.0,0.852910091910938,0.0
UCEC-TCGA-B5-A0KB-01A-11-A645-42-X041-S11,0.0,0.0017505869231514678,0.0,0.006134370706212982,0.009936111527485178,0.0,0.0057291959855530605,0.0006867427474816472,0.019639179418670164,0.010672101388560194,0.0,0.04289459682327261,0.0,0.0,0.9025571134497539,0.0
UCEC-TCGA-B5-A11Y-01A-11-A645-42-X026-S05,0.0,0.02600702641615482,0.00972993613108814,0.0,0.017921058743218376,0.0,0.007337841664884655,0.0,0.00015169888716893944,0.011999785630494574,0.0,0.0,0.0,0.0,0.9268526516471446,0.0
UCEC-TCGA-BG-A0M8-01A-31-A645-42-X030-S01,0.0,0.006150599767184232,0.005061405400035367,0.0035039018740106185,0.0,0.0,0.0017402181547713134,0.0,0.0,0.00731773410377846,0.03631071758314009,0.0,0.0,0.012447535622101038,0.9274678867878104,0.0
UCEC-TCGA-BG-A0MH-01A-41-A645-42-X039-S09,0.0,0.023753307845938904,0.017651543905880175,0.0,0.011292722065400291,0.002521034024310914,0.007130491922779043,0.0010690828948410481,0.044625205676257565,0.0,0.004963225874410198,0.007880311417804025,0.0006056424137116499,0.029743325203944043,0.8487641055636109,0.0
UCEC-TCGA-BG-A0MK-01A-42-A644-42-X037-S04,0.0,0.018337491049788025,0.006625832140861117,0.003391136669298578,0.0,0.0,0.0025894791827781394,0.003107795276237953,0.0,0.008470610509433232,0.05328696518816379,0.0031587136127847935,0.0010995791237115849,0.0,0.8999323964719602,0.0
UCEC-TCGA-BG-A0MS-01A-31-A645-42-X036-S05,0.0,0.017093683003937505,0.0052806563463916175,0.0,0.0,0.0007587502042169397,0.0027325750772620163,0.0027026696628219557,0.0,0.002854545462254201,0.0286525098844019,0.007963607627355901,0.005849489871208628,0.0,0.9261115121506592,0.0
UCEC-TCGA-BG-A0RY-01A-31-A645-42-X024-S07,0.0,0.009516191659689388,0.006677736978619296,0.0,0.0,0.0,0.004198299843954611,0.0,0.019102851487076147,0.0017984701729302829,0.0,0.0019988220258354574,0.0,0.06133691805792435,0.8953707090782429,0.0
UCEC-TCGA-BK-A0C9-01A-31-A645-42-X032-S01,0.014895953519173609,0.0,0.006708774636361198,0.0006855178660112699,0.0,0.0013727314309289163,0.003343641121294319,0.002502287031018946,0.0,0.0,0.04187895243720888,0.00781054569809612,0.0,0.0,0.9208015954821159,0.0
UCEC-TCGA-BK-A13B-01A-31-A645-42-X029-S09,0.0029140948287209784,0.0064440844998432355,0.00631338039553206,0.0033555142276210223,0.0,0.0,0.0,0.003848994701119273,0.0,0.0,0.07101327358032312,0.0,0.0,0.03641702645211286,0.8696936306224398,0.0
