sample_id,Comp_14,Comp_0,Comp_13,Comp_12,Comp_10,Comp_15,Comp_1,Comp_8,Comp_4,Comp_11,Comp_7,Comp_9,Comp_3,Comp_2,Comp_6,Comp_5
BRCA-TCGA-A2-A0YJ-01A-22-A615-42-X016-S11,0.9451989448841334,0.0,0.0,0.0007586726026686963,0.0,0.04272473911698108,0.0,0.005580855134430028,0.00208584048035825,0.00314897301240012,0.0,0.0,0.0,0.0,0.0,0.0005019742155943143
BRCA-TCGA-S3-AA0Z-01A-31-A617-42-X013-S05,0.9630394890924578,0.0,0.0,0.007417677609818964,0.0,0.0013426636580438868,0.0,0.009653358466117198,0.018473368716691838,0.0,0.0,0.0,0.0,0.0,0.0,0.00007344187103183087
BRCA-TCGA-A7-A13E-01A-31-A615-42-X017-S04,0.9943757821191397,0.0,0.0,0.0,0.0,0.0036518053656894667,0.0,0.0,0.0,0.0,0.0,0.0,0.0,0.0,0.0,0.0019724118674116897
BRCA-TCGA-AR-A0TP-01A-31-A615-42-X018-S08,0.8189545214263689,0.0,0.0,0.07659495103187122,0.003211520937061329,0.09258695308781996,0.0,0.0,0.0,0.008652052972129079,0.0,0.0,0.0,0.0,0.0,0.0
BRCA-TCGA-AO-A12F-01A-22-A616-42-X008-S04,0.8564459263655958,0.0,0.014877440231243152,0.05110212967772189,0.0,0.04669605355200991,0.0,0.0,0.0,0.03087844960271445,0.0,0.0,0.0,0.0,0.0,0.0
BRCA-TCGA-AO-A124-01A-31-A615-42-X016-S08,0.8756610937715116,0.0,0.01640213398638624,0.017368381659491852,0.0,0.02860708824008,0.0024095956068665727,0.01140064637927902,0.00502653560827507,0.04312452416243656,0.0,0.0,0.0,0.0,0.0,0.0
BRCA-TCGA-AR-A0U0-01A-31-A615-42-X012-S06,0.9408934373104401,0.013075928597036874,0.0,0.0,0.0,0.0,0.0,0.019329776852317165,0.02670085659956607,0.0,0.0,0.0,0.0,0.0,0.0,0.0
BRCA-TCGA-A2-A4RX-01A-22-A616-42-X023-S06,0.8759257145210303,0.0,0.016293449062201284,0.05387547652468918,0.0,0.013187438816830844,0.001398442020358172,0.018355876472937415,0.019599117718831913,0.0,0.0,0.0008074805736166295,0.0,0.0,0.0,0.0005570036526639957
BRCA-TCGA-C8-A12V-01A-31-A616-42-X023-S07,0.8840632391381875,0.0,0.0,0.011428832786403283,0.0,0.04129198141263982,0.0,0.0,0.03717849836626954,0.025004687639049616,0.0,0.0,0.0007973543597525644,0.0,0.0,0.00023540563974966898
UCEC-TCGA-BG-A0M8-01A-31-A645-42-X030-S01,0.9274507227627805,0.0,0.012448293105700474,0.0,0.03632136881536997,0.0,0.006152172681645364,0.0,0.0,0.0,0.0,0.007320574528856137,0.003503610083748146,0.0050632898871603065,0.0017399674273966233,0.0
UCEC-TCGA-BG-A0MS-01A-31-A645-42-X036-S05,0.9260835556550453,0.0,0.0,0.005850572665763458,0.028658367417180548,0.0,0.017097146688559016,0.0,0.0,0.007978063814386637,0.0027038748846464505,0.0028556898566418423,0.0,0.005282549872927384,0.002731691026327733,0.0007584874088700939
UCEC-TCGA-BG-A0RY-01A-31-A645-42-X024-S07,0.8953409474414044,0.0,0.0613550777848516,0.0,0.0,0.0,0.009517958505779968,0.01910533048873884,0.0,0.002004483404158403,0.0,0.0017992042585417874,0.0,0.006680137875334303,0.004196859545306047,0.0
UCEC-TCGA-BK-A13B-01A-31-A645-42-X029-S09,0.8696632166707607,0.0029163197600563595,0.03642456350820127,0.0,0.071028376885634,0.0,0.006445807261186993,0.0,0.0,0.0,0.003850646459347446,0.0,0.0033552690109983287,0.006315799751368667,0.0,0.0
UCEC-TCGA-BK-A0C9-01A-31-A645-42-X032-S01,0.9207712518080423,0.014899550817863745,0.0,0.0,0.04188829224921364,0.0,0.0,0.0,0.0,0.007826052326948947,0.0025032266242028573,0.0,0.0006852683028366386,0.0067113384270512215,0.0033427705325241035,0.0013722481333421953
BRCA-TCGA-BH-A0E0-01A-22-A615-42-X023-S05,0.788997391584358,0.1018350174804908,0.042255709469178074,0.0,0.0,0.0,0.0,0.025403589317209856,0.004779453032201776,0.03410645177743925,0.0,0.0,0.0025276937895327475,0.0,0.0,0.00009469287150464684
UCEC-TCGA-BG-A0MK-01A-42-A644-42-X037-S04,0.8999021132232192,0.0,0.0,0.0010998279009195749,0.053299682290410405,0.0,0.01834151153724482,0.0,0.0,0.003166122306753455,0.003109239048253027,0.00847355995462743,0.003390728047854246,0.0066281665182272185,0.0025890483973245583,0.0
BRCA-TCGA-A2-A0SX-01A-31-A615-42-X014-S06,0.9573370991983395,0.0,0.0,0.0,0.0,0.0,0.0,0.00855565737906029,0.031022806862400793,0.0,0.0,0.0,0.0,0.0,0.0,0.0030844357339618483
UCEC-TCGA-AP-A051-01A-31-A645-42-X042-S09,0.7955040249463575,0.0,0.06195550121104913,0.0,0.1001732799789999,0.0,0.0,0.0,0.0,0.02853434315616558,0.0,0.004047297142737247,0.005778490518922176,0.0040070622905496785,0.0,0.0
UCEC-TCGA-B5-A11Y-01A-11-A645-42-X026-S05,0.9268421115347454,0.0,0.0,0.0,0.0,0.0,0.026013382794060045,0.00015238388800892303,0.017918413979350838,0.0,0.0,0.012004749428393724,0.0,0.009733575798236624,0.007335381697140673,0.0
BRCA-TCGA-AR-A0U4-01A-41-A616-42-X021-S04,0.8776333025906811,0.0,0.0,0.0,0.0,0.03995875829183134,0.0,0.0,0.07162173517575217,0.007146404808385405,0.0,0.0,0.0,0.0,0.0016792082969237614,0.001960589958187102
UCEC-TCGA-B5-A0K9-01A-31-A645-42-X040-S04,0.8528737144599822,0.060685981710207705,0.0,0.0,0.035395782972524825,0.0,0.02785610918382279,0.0,0.0,0.003460546190322937,0.0023934965138591204,0.0,0.0037693734059640774,0.011100701056975037,0.001271570438434475,0.0011927231476380107
BRCA-TCGA-A2-A0T4-01A-11-A602-42-X004-S05,0.6920054645959568,0.15027804365223327,0.01118564001602177,0.042136473368298996,0.015487256457811313,0.0,0.0012688640241040664,0.0,0.08504773143743102,0.0,0.0,0.0025905256620395206,0.0,0.0,0.0,0.0
UCEC-TCGA-B5-A0KB-01A-11-A645-42-X041-S11,0.9024826336404032,0.0,0.0,0.0,0.0,0.0,0.0017508163990332501,0.01963985317440554,0.00993460777442156,0.04296886604778182,0.0006869646675124293,0.010675390687121346,0.00613354416610275,0.0,0.005727322413173072,0.0
BRCA-TCGA-C8-A12K-01A-31-A615-42-X020-S03,0.8178099258811453,0.0,0.0,0.0,0.026118196590236613,0.03668674137722188,0.0,0.0,0.03826418016464153,0.07438588802963378,0.0,0.0,0.0,0.0036164085319192723,0.0,0.003118658482713989
BRCA-TCGA-BH-A0HP-01A-32-A617-42-X018-S05,0.6468017344589819,0.1914311827576159,0.0,0.05191611857401506,0.0244348465903324,0.009356518528571237,0.0017931578129319987,0.0,0.07299395347781751,0.0,0.0,0.001272487011867606,0.0,0.0,0.0,0.0
UCEC-TCGA-B5-A0JN-01A-31-A645-42-X035-S07,0.791423869136971,0.0,0.0,0.03780360750517843,0.004579474348141345,0.0,0.06770801060738695,0.0009953881579898981,0.0,0.06401076981533362,0.005040364270538078,0.0214906621174367,0.0,0.005487100882844615,0.0,0.001460752166904692
BRCA-TCGA-A2-A0YK-01A-11-A615-42-X013-S09,0.6730161195795609,0.18957258593792198,0.0,0.05348615005520712,0.036277467483781765,0.0,0.0,0.0,0.03708946561519052,0.0,0.0,0.00927217594483678,0.0,0.0,0.0,0.0012860345355400322
BRCA-TCGA-BH-A0EE-01A-32-A617-42-X013-S03,0.6725740989064499,0.31328163847344215,0.0,0.0,0.0,0.0,0.0,0.0,0.0,0.0,0.007503657961835381,0.0,0.0,0.0024961839388886417,0.003339698012844623,0.000804721822592678
BRCA-TCGA-A2-A0YL-01A-12-A615-42-X011-S03,0.6192499617642313,0.2853407806757732,0.0,0.013741174071650515,0.009202032816758757,0.0,0.0010624320225697639,0.0003903500430296958,0.06251278241240682,0.0,0.0,0.0085004853783665,0.0,0.0,0.0,0.0
UCEC-TCGA-BG-A0MH-01A-41-A645-42-X039-S09,0.8487241988751782,0.0,0.02975600523641675,0.000604779596610754,0.004965167584877663,0.0,0.023757197925889935,0.04463180045871464,0.011293739371167432,0.00789204316310324,0.001069604565747978,0.0,0.0,0.017657510907589047,0.007127832769046956,0.0025201183542858815
BRCA-TCGA-D8-A13Z-01A-31-A615-42-X005-S06,0.624303558741713,0.291906063730871,0.0,0.0,0.02847524297785358,0.0,0.0,0.03329919641197096,0.0,0.0,0.012894914940474475,0.0,0.0,0.0021776160536484284,0.0069434061836498515,0.0
BRCA-TCGA-BH-A0DP-01A-31-A616-42-X022-S06,0.5288888043003953,0.3800501340845576,0.0,0.031191636086508254,0.01849940431745903,0.0,0.0004837423109637082,0.0,0.040218140373318466,0.0,0.0,0.0,0.0,0.0,0.0,0.0006681377003752117
ESCA-TCGA-LN-A49W-01A-31-A616-42-X006-S04,0.6425240233557021,0.02108137796284114,0.0,0.0,0.08641998694741665,0.0,0.0,0.05606054373024617,0.12036245917505786,0.06227819557418905,0.0,0.0,0.0,0.009879545763319987,0.0013938663051444612,0.0
KIRP-TCGA-P4-A5ED-01B-21-A615-42-X017-S02,0.6674985535699665,0.0,0.013230685051728041,0.0470697110144778,0.0,0.0,0.16991507398450378,0.0,0.07102310681110799,0.0,0.0,0.022539008614222145,0.0,0.003786676784347542,0.004937182886486002,0.0
BRCA-TCGA-BH-A0DL-01A-31-A602-42-X004-S04,0.6465927912005779,0.09150669575154712,0.0,0.0,0.0,0.0,0.0,0.1585860749249321,0.09979418025031482,0.0,0.0,0.0,0.0,0.0,0.002588491560453703,0.0009317650690603365
KIRC-TCGA-B8-A54K-01A-31-A616-42-X023-S09,0.5673974557577525,0.0,0.0005723448026304178,0.08938457437069589,0.0316468763574322,0.0,0.2353632629233381,0.0,0.03760682958925728,0.0,0.0,0.032896782990369224,0.0,0.0,0.0,0.005131871646064789
BRCA-TCGA-C8-A8HR-01A-31-A617-42-X013-S04,0.43201115445513577,0.4049617225394672,0.0,0.0,0.0,0.0,0.0,0.006461506963868584,0.1175780520119226,0.03645455042755697,0.0,0.0,0.0,0.0,0.0,0.0025330123890168446
BLCA-TCGA-FD-A3SR-01A-31-A616-42-X021-S08,0.541025409346789,0.21042099700787956,0.0,0.0,0.030406702466948925,0.0,0.0,0.09446391159660628,0.0,0.0850098611448828,0.0,0.009462777608047583,0.0,0.018087095346291014,0.009888274331373086,0.001234969583125474
BRCA-TCGA-BH-A0C1-01A-21-A615-42-X015-S11,0.4409123840162874,0.38690680230129604,0.0,0.0,0.0,0.0,0.0,0.0,0.17096902866150593,0.0,0.0,0.0,0.0,0.0,0.00009009264555462521,0.00112169108866774
SKCM-TCGA-EB-A3Y6-01A-31-A644-42-X035-S10,0.5318160255481966,0.03113327246119577,0.035460875756644146,0.10639839566364358,0.0,0.06486922514999066,0.0,0.010735353501190514,0.21023532547528742,0.0,0.0,0.009082112782085379,0.0,0.0,0.0,0.00026941208818014435
UCEC-TCGA-B5-A0JT-01A-31-A645-42-X031-S01,0.5047863957278959,0.0,0.13344572291343135,0.11776338509311851,0.028381719714232676,0.0,0.020530104337771197,0.0,0.14728558647486828,0.02062493465139381,0.007405231426763756,0.013827901608483986,0.001792504317853926,0.0,0.0,0.004156512233133007
CHOL-TCGA-ZH-A8Y5-01A-31-A617-42-X016-S04,0.5835623024494501,0.047965518414181306,0.0815179611027094,0.00485833574632236,0.015586963014344651,0.06363334731763873,0.10601840662763991,0.0,0.0,0.0,0.012140778472083544,0.0,0.048702298662912945,0.029988228116266478,0.004162116121901782,0.0018637420673142178
BRCA-TCGA-AO-A12D-01A-31-A615-42-X012-S07,0.3799297659295414,0.3609931083782206,0.0,0.0,0.0,0.0,0.0,0.0,0.12838191802758137,0.12717469631660702,0.0,0.0,0.0,0.002510037712090158,0.0003677043093370805,0.000642768056036876
PRAD-TCGA-EJ-A65B-01A-31-A644-42-X039-S06,0.3641507511643305,0.06811430900570337,0.2308510665918139,0.005717207276400259,0.2587873247846053,0.0,0.027758064238440742,0.0,0.0,0.0,0.0,0.035539362922558396,0.0018049913575297043,0.003587094314351596,0.0,0.0036898270495728594
HNSC-TCGA-BA-A4IH-01A-31-A646-42-X031-S07,0.419390448401167,0.0,0.0,0.049737864889355714,0.03221530435626399,0.0,0.010461791764241527,0.20065856750299466,0.0754451476853198,0.198887673958042,0.0015949834052947469,0.008861105623846493,0.0,0.001842382159681871,0.000755439415415832,0.0001492893407508122
COAD-TCGA-NH-A50V-01B-11-A616-42-X017-S05,0.535277419892415,0.0,0.0,0.0,0.024511291621098164,0.03359251934250368,0.0,0.0,0.0,0.0,0.40625686799386157,0.0,0.0,0.0,0.0,0.0003618992253934825
BLCA-TCGA-BL-A3JM-01A-31-A616-42-X017-S12,0.27619536378992776,0.0,0.2652648914985273,0.13714324785902354,0.036537497619409116,0.041402845335337606,0.0,0.06847124494451434,0.0,0.12729385706884225,0.04520210042549558,0.0,0.0009045467492326669,0.0005702574056861644,0.0,0.0010141461771483702
HNSC-TCGA-D6-A6EP-01A-31-A644-42-X026-S06,0.32045058947613125,0.0,0.02405827799680692,0.17461612391293274,0.027499002492407047,0.11741601148369409,0.008496126611889592,0.17583894207735337,0.04214967480172582,0.10067152457512399,0.0,0.008803725211226996,0.0,0.0,0.0,0.0
COAD-TCGA-AA-A01X-01A-32-A602-42-X003-S08,0.5167343064155406,0.0,0.0,0.0,0.0,0.0,0.012801503183065147,0.0,0.0,0.0,0.45107806884312235,0.0,0.006468620973438341,0.0,0.012917498269443413,0.0
CHOL-TCGA-W6-AA0T-01A-11-A617-42-X019-S04,0.48250185206249296,0.004198335411965505,0.07408089517101535,0.0024758653242233884,0.0,0.0,0.17789966214754832,0.06650521797301988,0.11635801843931276,0.0,0.0,0.0,0.035014527939498816,0.020966843956339336,0.0165994117004565,0.0033993674507868886
STAD-TCGA-BR-A4J7-01A-21-A645-42-X032-S06,0.39377000287796454,0.0,0.0,0.08924630706533146,0.22224387498568265,0.0,0.0,0.0,0.09317865058178894,0.08419185995500197,0.0,0.011935618608627402,0.0012706485243835788,0.09223698781493875,0.0,0.011926046332141227
STAD-TCGA-VQ-A91W-01A-31-A645-42-X038-S08,0.3313032224676748,0.0,0.09626436613033858,0.02606444520456852,0.0995790795478276,0.15126408708529832,0.0,0.0,0.08356037950550389,0.02535940732972887,0.08139990968596124,0.0,0.01722969280156158,0.08405619321898328,0.0,0.003919214160314932
STAD-TCGA-BR-A4CS-01A-31-A644-42-X027-S09,0.44186472609644445,0.13115997822830752,0.0,0.0,0.0,0.0,0.010710761576059073,0.0,0.0,0.0006800658963522641,0.22254937275955325,0.0,0.043421528647712794,0.1399231724937563,0.006810786773101487,0.002879603198994216
LUAD-TCGA-93-A4JN-01A-22-A646-42-X029-S03,0.40856270083056817,0.022651269672707298,0.0,0.06733147433422838,0.03470810379297728,0.02226673354447041,0.011629020042515925,0.05088003546935631,0.12130754829608885,0.0,0.0,0.06255713512142541,0.0,0.016098797465736066,0.1820071771689767,0.0
ESCA-TCGA-M9-A5M8-01A-31-A616-42-X013-S01,0.3554731153297643,0.0,0.0,0.0,0.0,0.0,0.07617922848241956,0.17949580386356823,0.016761930989087022,0.0,0.2171964111114025,0.0,0.0,0.1334998540321425,0.021393651878656522,0.0
ESCA-TCGA-L7-A6VZ-01A-31-A616-42-X018-S02,0.36653510276065376,0.0,0.06285832317314129,0.0,0.0,0.0,0.07433412232421927,0.11151891341200774,0.0,0.0,0.1865469800490118,0.007504592483237675,0.005703421606859992,0.18499853953713252,0.0,0.0
STAD-TCGA-CD-A486-01A-31-A646-42-X041-S02,0.27184436713488036,0.14929395535670845,0.0,0.0,0.0,0.0,0.0,0.00776807302484171,0.0,0.19969586706961326,0.16076305127348506,0.0,0.059045813552192676,0.10155940100145314,0.03857717998390781,0.011452286660186361
BRCA-TCGA-A2-A0YC-01A-22-A615-42-X009-S09,0.0,0.9978847286336814,0.0,0.0,0.0,0.0,0.0,0.0,0.0,0.0,0.0,0.0,0.0,0.0,0.0,0.0021152701313001767
BRCA-TCGA-4H-AAAK-01A-31-A617-42-X011-S09,0.0,0.9086466670680042,0.017000781956059724,0.009493893905469243,0.003087589306762238,0.014690253517148788,0.01257149171689304,0.0151882816264603,0.007825778462874935,0.010296874848444687,0.0,0.0,0.0,0.0,0.0010211868538223326,0.0001771995867569152
BRCA-TCGA-A2-A0EX-01A-31-A615-42-X014-S11,0.00841174070350071,0.970130934928496,0.0,0.0,0.013082477172208043,0.0,0.0,0.0,0.0,0.0,0.0,0.006183315505108265,0.0,0.0,0.0,0.0021915304610391996
BRCA-TCGA-C8-A12T-01A-31-A615-42-X005-S12,0.0,0.8438424975245666,0.09747379381334764,0.0012392767995279075,0.033584839563390874,0.013810067341271102,0.0,0.0,0.0,0.009118903182239853,0.0,0.0,0.0,0.0009306207038259295,0.0,0.0
BRCA-TCGA-A2-A0T7-01A-31-A615-42-X019-S05,0.09314613443623103,0.8956014825425951,0.0,0.0,0.004519543741795733,0.0,0.0,0.0,0.0,0.0,0.004169796997574962,0.0,0.0,0.0,0.002065784881236889,0.0004972562589588931
BRCA-TCGA-BH-A1EV-01A-41-A615-42-X010-S07,0.12069115749136937,0.8695267244739983,0.0,0.0,0.0,0.0,0.0,0.0,0.0,0.0,0.0058059124974179244,0.002599093427394587,0.0,0.0,0.0013771109741194003,0.0
BRCA-TCGA-A7-A0CH-01A-31-A602-42-X003-S05,0.12311791375577917,0.7784277603543258,0.0,0.02185662840512486,0.07076790566452573,0.0,0.0058297907831350955,0.0,0.0,0.0,0.0,0.0,0.0,0.0,0.0,0.0
BRCA-TCGA-A2-A0T5-01A-41-A615-42-X017-S11,0.27524065038558565,0.7032091134930931,0.0,0.0,0.0,0.001112677266715544,0.0041975866414541395,0.0027574384537026905,0.000611375149142297,0.006130375872988668,0.0060281993556048135,0.0,0.0,0.00023871311772187586,0.00047386932456964853,0.0
BRCA-TCGA-BH-A0DV-01A-31-A615-42-X005-S02,0.01671047198845717,0.8767601038923258,0.0,0.0,0.05801756897232733,0.0,0.0,0.0,0.04779746496172768,0.0,0.0,0.0,0.0,0.0,0.0,0.0007143889940626772
BRCA-TCGA-A2-A0EY-01A-32-A617-42-X012-S03,0.1700024085103114,0.810629711925074,0.0,0.0,0.01936787845345927,0.0,0.0,0.0,0.0,0.0,0.0,0.0,0.0,0.0,0.0,0.0
BRCA-TCGA-C8-A12Y-01A-31-A615-42-X020-S05,0.08563625088253563,0.8635870060597027,0.0,0.0,0.0,0.0,0.00608140081108146,0.01909822727980455,0.01924547818673768,0.0,0.0,0.0,0.0,0.0,0.005956752445858996,0.00039488313797940487
BRCA-TCGA-AO-A0J8-01A-31-A615-42-X006-S11,0.09056730582440087,0.8035844908858147,0.006642616695466369,0.03429241836140437,0.058586842571154596,0.0,0.0016907965482533657,0.0,0.0,0.0,0.0,0.0034726221835972818,0.0,0.0,0.0,0.0011629058162850843
BRCA-TCGA-A7-A13F-01A-31-A615-42-X017-S06,0.0,0.9372296085099863,0.05011940670528803,0.0,0.0,0.000700332025207695,0.0,0.005195536714084533,0.0,0.0,0.0,0.0,0.004587681042162711,0.0,0.0011012288650067356,0.0010662048284228193
BRCA-TCGA-A2-A0YD-01A-31-A615-42-X015-S06,0.013512530687817747,0.8844923361559242,0.03255722294417809,0.0,0.0,0.0077291439329711924,0.013038775365407354,0.00990333139631021,0.030808482015882023,0.0,0.0,0.0,0.0,0.004715996850919067,0.0032421794125210824,0.0
BRCA-TCGA-A2-A0SV-01A-31-A615-42-X021-S03,0.1979995230187401,0.7648370862966462,0.0,0.0,0.0,0.0,0.0,0.0,0.03548811493810893,0.0,0.0,0.0,0.0,0.0,0.0016752746750503013,0.0
BRCA-TCGA-A2-A0SW-01A-31-A615-42-X011-S05,0.0,0.8653200315410623,0.0,0.0,0.05132884123640273,0.03278266497605597,0.0,0.0,0.0,0.03759307967093263,0.008688170511080121,0.0,0.0016437835470216723,0.002643427302745197,0.0,0.0
BRCA-TCGA-A2-A0CX-01A-31-A602-42-X003-S06,0.24369061636723674,0.7393403769935292,0.0,0.0,0.010688872201049832,0.0,0.0,0.0,0.0,0.00005185252731984405,0.0,0.0,0.006228280845063594,0.0,0.0,0.0
BRCA-TCGA-A2-A0YH-01A-31-A615-42-X023-S15,0.0,0.8619329108626496,0.0,0.0,0.0,0.0,0.0,0.0,0.05197954805038807,0.08245073403845099,0.0,0.0,0.001891180444248972,0.0,0.0017456253479669938,0.0
BRCA-TCGA-AO-A0JM-01A-31-A615-42-X011-S12,0.0,0.9190861677337506,0.0329724416619338,0.0,0.0,0.042723102260376185,0.0,0.0,0.0,0.0,0.0,0.0,0.0,0.0009643255639833191,0.0017739430888053381,0.0024800183393809704
BRCA-TCGA-BH-A0B5-01A-31-A615-42-X021-S07,0.0,0.8747244927090441,0.0,0.0017677558148790158,0.04420598510790469,0.0,0.0,0.0,0.06261071829836092,0.014646415918245975,0.0,0.0,0.0,0.0,0.0,0.0020446308472539154
BRCA-TCGA-C8-A12O-01A-31-A615-42-X019-S02,0.08171059212558775,0.9124435638249877,0.0,0.0,0.0,0.0,0.0,0.0,0.0,0.0,0.0,0.0,0.0,0.0,0.002040762828332411,0.003805079850076108
BRCA-TCGA-C8-A12Q-01A-31-A615-42-X005-S08,0.14164790438766772,0.833420896394478,0.0,0.0,0.0,0.0,0.0,0.017066790005789163,0.0,0.0,0.0,0.0,0.0,0.0013226759399992505,0.005821413228185109,0.0007203187874201892
BRCA-TCGA-A2-A0YF-01A-31-A615-42-X007-S01,0.0,0.9145022253633698,0.0032636663497460387,0.0,0.004583610924404711,0.0,0.0,0.0,0.07274638312057763,0.0,0.0,0.0,0.0,0.00266029242556414,0.0,0.002243820419369994
BRCA-TCGA-A8-A08J-01A-31-A615-42-X012-S08,0.0,0.8019611674689854,0.09157679024390072,0.0,0.0,0.02109020956891702,0.0,0.0,0.0,0.07404000155428093,0.0083940726817576,0.0,0.0010720345908315965,0.0,0.0,0.0018657226514167213
BRCA-TCGA-A7-A0D9-01A-11-A615-42-X016-S12,0.0,0.7670347060569351,0.1352840725735578,0.004068237818046063,0.0,0.019244307021666233,0.0067944127405345335,0.0,0.0046405004201133335,0.04378103966023862,0.007154947873595349,0.008274533058932342,0.0027272607661352447,0.0,0.00022455221888920886,0.0007714285941125182
BRCA-TCGA-AR-A0TV-01A-31-A615-42-X020-S12,0.0,0.761705664022359,0.08982700039384064,0.020911396855862276,0.04928168879610245,0.0,0.0,0.0,0.0,0.0630361342176725,0.0019474135583683638,0.00485904880228393,0.008286015603436295,0.0001456365557494071,0.0,0.0
BRCA-TCGA-A2-A0T4-01A-41-A602-42-X002-S06,0.0,0.9343783797756625,0.0319962246372514,0.0,0.0,0.0,0.0,0.005825042580755475,0.013869051361015513,0.0,0.0,0.008378743750884448,0.0,0.0,0.0008609608066549038,0.004691595606430485
BRCA-TCGA-C8-A137-01A-31-A615-42-X021-S01,0.20944082504107603,0.6989349801278881,0.059060940496433935,0.0,0.0,0.0,0.0021557062336816355,0.02684401808098443,0.0,0.0,0.0,0.0,0.0,0.0005586842675314842,0.0009440939970232001,0.0020607506226923518
BRCA-TCGA-C8-A130-01A-11-A615-42-X010-S01,0.317884186524172,0.6519541216238955,0.0,0.0,0.0188022351561933,0.0,0.0,0.004115549907662525,0.0,0.006305877271202164,0.0,0.0,0.0,0.0,0.0,0.0009380284537282204
BRCA-TCGA-BH-A0BZ-01A-11-A615-42-X014-S01,0.0,0.986093800996894,0.0,0.0,0.0,0.0,0.0,0.0,0.0,0.0060860778345934,0.0,0.0,0.0,0.0,0.0,0.007820119515853171
BRCA-TCGA-AO-A03L-01A-21-A615-42-X023-S01,0.0,0.9286217032638585,0.0007981915868708406,0.0,0.006540510065606603,0.0,0.0,0.0,0.0,0.05413525251401721,0.0,0.0,0.0011517225271743452,0.002056281210152494,0.0,0.0066963372557880835
BRCA-TCGA-C8-A133-01A-11-A615-42-X019-S11,0.0,0.6215814183656939,0.2424040919964118,0.01697882453606003,0.10245641784854488,0.0,0.00316606302624143,0.0,0.0,0.0,0.0,0.006563647589426516,0.00681769835673816,0.000031837224628875756,0.0,0.0
BRCA-TCGA-C8-A12U-01A-31-A615-42-X008-S02,0.0,0.7645618926897257,0.1368394131611561,0.0,0.022874125571916846,0.01485861711462694,0.0,0.0,0.0,0.05439881096456964,0.0,0.0,0.0027633007781904958,0.0010259801949250458,0.0,0.002677858218616037
BRCA-TCGA-AO-A0JB-01A-31-A615-42-X015-S09,0.4192019270358298,0.5604053501542058,0.0,0.0,0.008417732802811616,0.0,0.0,0.007504906650119829,0.0,0.0,0.0024889115074419087,0.0,0.0,0.0,0.0,0.0019811708841238887
BRCA-TCGA-3C-AALJ-01A-11-A617-42-X022-S05,0.0,0.7307135759331339,0.17982303643995365,0.0,0.012484754160264412,0.009609044070893424,0.0,0.0038488938367430376,0.023201383803772204,0.025665659612139617,0.004339197047783847,0.0,0.0051298145763152645,0.0023472136016788117,0.0019219434151176073,0.0009154822138129785
BRCA-TCGA-A2-A0EW-01A-11-A615-42-X005-S09,0.14326559205289238,0.6170268537010979,0.014670645686502434,0.036536844542034826,0.11829417705977668,0.0,0.009202612707377218,0.0,0.055818598842299325,0.0,0.0,0.005184674308457039,0.0,0.0,0.0,0.0
BRCA-TCGA-C8-A12M-01A-31-A615-42-X009-S01,0.0,0.8096748280051219,0.10429421326238304,0.0,0.06371679566266251,0.0,0.0,0.0,0.0,0.015520706854527926,0.0,0.0,0.0036764433785626298,0.0,0.0,0.003117011342308069
BRCA-TCGA-AO-A03N-01B-31-A615-42-X022-S07,0.0,0.7093254539658166,0.0,0.0,0.1373952500921143,0.0,0.0,0.0,0.09599023053892199,0.0561849817903724,0.0,0.0,0.0,0.0,0.0,0.0011040822470233728
BRCA-TCGA-A8-A06N-01A-31-A602-42-X001-S03,0.0,0.7463572677574066,0.14296167577184893,0.04160671727846315,0.0009826504793251105,0.0,0.0,0.0,0.0,0.05873325324307284,0.0,0.0,0.0039057983300824295,0.0,0.0,0.005452635688064702
BRCA-TCGA-AQ-A04L-01A-21-A615-42-X008-S09,0.39370801806133937,0.5106661424171351,0.0,0.0033290505696439462,0.09084840391317876,0.0,0.0,0.0,0.0,0.0,0.0,0.0,0.0,0.0,0.0,0.0014483840317479231
BRCA-TCGA-BH-A0B1-01A-31-A615-42-X007-S02,0.11730469030097403,0.7466829188868097,0.0,0.026685928026642006,0.0,0.04393989502156457,0.005094653263297535,0.024958223061793985,0.004731105467280169,0.021064017778558073,0.0,0.0,0.0009742720897096245,0.0,0.004695053903769257,0.0038692406999915425
BRCA-TCGA-A8-A094-01A-31-A615-42-X014-S02,0.2884589109070073,0.6381337734876189,0.0,0.0,0.0,0.0,0.0,0.010097146484743486,0.05229797389614329,0.0,0.004403075534741688,0.0,0.0,0.0,0.003506942979029389,0.0031021754151538106
BRCA-TCGA-A2-A0ES-01A-31-A615-42-X017-S07,0.22941445692720946,0.6894853582009567,0.0,0.0,0.0057359519809516745,0.0,0.0,0.014631033193760787,0.03757486100068201,0.0,0.0,0.019647794595399327,0.0,0.0,0.0,0.0035105426652261105
BRCA-TCGA-A2-A0YT-01A-31-A615-42-X022-S10,0.14536524998092845,0.6858130464592055,0.010925912567492198,0.031046899013469405,0.0,0.0,0.0,0.0,0.11500607846313746,0.0,0.0,0.006121077198599319,0.0037109501941700726,0.0,0.0,0.0020107846805777225
BRCA-TCGA-AO-A0JG-01A-11-A615-42-X016-S02,0.0,0.7393238508703508,0.1542901579622665,0.0,0.06158639663313155,0.0,0.0,0.0,0.0,0.03665625781605082,0.0,0.0,0.0,0.0,0.0,0.008143335114705903
BRCA-TCGA-A2-A0YG-01A-11-A615-42-X009-S11,0.42185407757701204,0.42320291758302975,0.0,0.03177873885712476,0.05311062426158604,0.0,4.366916739003943e-6,0.0,0.06390873908754734,0.0,0.0,0.006140534796853459,0.0,0.0,0.0,0.0
BRCA-TCGA-BH-A0BA-01A-31-A615-42-X010-S03,0.4409002489621206,0.4924824115943648,0.0,0.0,0.0,0.0,0.0,0.0,0.06261701541012905,0.0,0.0,0.0,0.0,0.0,0.0,0.0040003228017877574
BRCA-TCGA-AO-A0J5-01A-31-A615-42-X018-S03,0.19562353993075668,0.3415296841156535,0.18487242340522636,0.10530100847309096,0.026198660137994302,0.01588844944243957,0.005707039017416317,0.0,0.11616413318953012,0.0015924359949644354,0.0,0.0,0.0005385081846018,0.002471790874489911,0.0,0.00411232584506488
BLCA-TCGA-H4-A2HO-01C-11-A615-42-X009-S10,0.0,0.4465200654778132,0.01083147399008532,0.0,0.1652114316636569,0.0,0.027593448234896113,0.18341543045105307,0.0,0.06575739041565928,0.0,0.019499318282427788,0.01102075214755469,0.056807723558460824,0.013342963017997568,0.0
LUAD-TCGA-86-A4D0-01A-22-A646-42-X033-S04,0.0,0.552339495694398,0.0,0.0,0.1387043184921252,0.0,0.0,0.0,0.0,0.05820547924783603,0.0929566995295566,0.0,0.050887055586341,0.0,0.10690694764407299,0.0
LUAD-TCGA-4B-A93V-01A-22-A646-42-X042-S06,0.0,0.461872501621502,0.07807531687708309,0.0048981238929956495,0.21770292857555473,0.016576371965897535,0.0,0.0,0.0,0.0,0.013019733647420274,0.0,0.02194425894591636,0.0,0.18108835134768506,0.0048224083900526415
LUAD-TCGA-MP-A4TE-01A-12-A646-42-X032-S03,0.1350742020434844,0.3419675319563679,0.013744544317872956,0.0,0.09864086614707011,0.0,0.02843215601550084,0.0,0.0,0.0,0.1511201010652364,0.0,0.04242631742517642,0.0,0.18859427615189664,0.0
PCPG-TCGA-RT-A6YA-01A-31-A644-42-X038-S04,0.0,0.0,0.9860857318243436,0.01391426759778852,0.0,0.0,0.0,0.0,0.0,0.0,0.0,0.0,0.0,0.0,0.0,0.0
PCPG-TCGA-QT-A5XN-01A-31-A645-42-X029-S01,0.0,0.0,0.9705194087813861,0.022568464123960474,0.0,0.0,0.0,0.0,0.0,0.006773804653968694,0.0,0.0,0.0,0.0,0.0,0.00013832187073614313
PCPG-TCGA-QT-A5XM-01A-31-A645-42-X040-S08,0.0,0.0,0.9698566973059988,0.030143302123649372,0.0,0.0,0.0,0.0,0.0,0.0,0.0,0.0,0.0,0.0,0.0,0.0
PCPG-TCGA-WB-A818-01A-31-A645-42-X032-S10,0.0,0.0,0.9994858838690565,0.0,0.0,0.0,0.0,0.0,0.0,0.0,0.0,0.0,0.0,0.0,0.0,0.0005141155247996767
PCPG-TCGA-QT-A69Q-01A-31-A645-42-X026-S12,0.0,0.0,0.9551664710912268,0.039605989424941264,0.0,0.0,0.0,0.0,0.0,0.005062131888343302,0.0,0.0,0.0,0.0,0.0,0.0001654070127432446
PCPG-TCGA-TT-A6YP-01A-31-A645-42-X036-S12,0.0,0.000019647818028303587,0.9455052399818886,0.049227937755075994,0.0,0.0,0.0,0.0,0.0,0.004985396632948096,0.0,0.0,0.0,0.0,0.0,0.0002617771968567692
PCPG-TCGA-RW-A8AZ-01A-31-A645-42-X037-S03,0.0,0.0,0.9242236022510492,0.0595295299139647,0.0,0.0,0.0006380088240525607,0.009591689330925073,0.0,0.003609925408008708,0.0,0.001937686167874457,0.0,0.0004695574804730839,0.0,0.0
ACCx-TCGA-OR-A5K8-01A-31-A644-42-X034-S09,0.0,0.0,0.9778797036511045,0.0,0.0,0.0,0.007056567242937481,0.0036754358867741445,0.007457057254949629,0.0,0.0,0.0,0.0023393542661811805,0.000021003844718781585,0.0015708771890025333,0.0
ACCx-TCGA-PK-A5H8-01A-22-A617-42-X012-S05,0.0,0.0,0.951434849435335,0.0,0.0,0.022168048161710485,0.005569044894372714,0.0,0.0020875620299059846,0.01108983417244635,0.0,0.0,0.006066315693829278,0.0014400151373212785,0.0,0.0001443297853378584
ACCx-TCGA-OR-A5J3-01A-31-A616-42-X011-S06,0.0,0.0,0.9652070009184429,0.0,0.0,0.0,0.009380784306085441,0.005376309382762545,0.0121668774725479,0.0,0.0,0.0010665169813836666,0.003958410150228403,0.0,0.0028441000521104514,0.0
ACCx-TCGA-OR-A5J9-01A-31-A616-42-X020-S02,0.022902991925701697,0.0,0.8639835549051559,0.050069024098822065,0.012460646841962861,0.011792664238120896,0.009410985132403835,0.0,0.0,0.02426794956451586,0.0,0.0007543228290277945,0.004357859798120885,0.0,0.0,0.0
ACCx-TCGA-OR-A5KX-01A-22-A645-42-X027-S03,0.00877535609724153,0.00046519016192646305,0.9130475360240017,0.0,0.020327019141210396,0.018603130337491836,0.004783017763615611,0.0,0.0,0.024664615017047968,0.0,0.0,0.006876587516305481,0.0017426869947482768,0.0,0.000714860194192918
ACCx-TCGA-PA-A5YG-01A-31-A644-42-X035-S02,0.0,0.0,0.9248687065450285,0.0,0.0,0.010975779589241275,0.013824245730515508,0.0,0.04122851387228987,0.0,0.0,0.002290365908526681,0.006812387591789626,0.0,0.0,0.0
ACCx-TCGA-OR-A5JZ-01A-12-A645-42-X038-S03,0.0,0.0,0.9211667327804224,0.0,0.0,0.006836410399280844,0.02575388976982917,0.013065029828785931,0.026640870092334755,0.0,0.0,0.001955066087308111,0.0018244892249285477,0.00027802800669911635,0.0024794830438393113,0.0
ACCx-TCGA-OR-A5J2-01A-31-A616-42-X013-S12,0.08498706641048384,0.0,0.8600576861585303,0.0,0.0,0.01877643118465718,0.010647786167157124,0.0006535409187477482,0.008501987542167678,0.003718850957937466,0.0032047775317034276,0.004715824149893326,0.003271749124739287,0.0,0.0,0.0014642990969141827
ACCx-TCGA-OR-A5J6-01A-11-A616-42-X010-S09,0.0,0.0,0.8670065845384187,0.0,0.0,0.0314003116256706,0.0,0.0,0.08208434962953497,0.003912449882949685,0.0,0.0002619180068227617,0.015334385372228088,0.0,0.0,0.0
PCPG-TCGA-RM-A68W-01A-31-A644-42-X033-S03,0.0,0.0,0.7673896143912489,0.19834742710437225,0.0,0.0,0.0,0.0,0.00487408506135108,0.015515618800085163,0.0,0.007365662768713563,0.0,0.0,0.0,0.006507590679307202
PCPG-TCGA-QT-A5XJ-01A-31-A644-42-X028-S03,0.0,0.04938263298854115,0.5199438421750704,0.20152073014761404,0.07578032163534833,0.0,0.009784754059119181,0.0,0.0,0.1226278772662091,0.016819240483525934,0.0,0.0012943095113236247,0.0,0.001714782173576289,0.00113150850678534
MESO-TCGA-SH-A9CU-01A-31-A645-42-X030-S11,0.12472522138719606,0.0,0.5176658305120603,0.06252860189766778,0.0,0.045286625767606815,0.04819274811989393,0.03408241446565527,0.12451152840647733,0.009704238047280375,0.0,0.029124461000062198,0.0011362398412358844,0.00304208915804237,0.0,0.0
MESO-TCGA-MQ-A4KX-01A-31-A645-42-X032-S05,0.0,0.0,0.5448330897340755,0.023449620657404795,0.03172752383406578,0.03917043219714164,0.03494386907596998,0.0,0.22401714255420999,0.08671011350975419,0.0,0.007993296590488388,0.0019684677969679042,0.005158298753241688,0.0,0.00002814373309931739
MESO-TCGA-3U-A98E-01A-31-A645-42-X040-S12,0.0,0.0,0.5516326395554106,0.012734110352452237,0.027595403326409047,0.0570659261669507,0.0363750923998724,0.016823100358205955,0.20919566593137304,0.05989262505786788,0.0,0.017496492583890782,0.005324167612834764,0.005864774981578181,0.0,0.0
MESO-TCGA-3U-A98I-01A-31-A645-42-X036-S10,0.10426590280853015,0.0,0.4431689610267097,0.06142214615140725,0.0,0.10713784554051664,0.05721229306635853,0.05385376802938421,0.16139875148076835,0.0,0.0,0.009401884098461601,0.0,0.002138446409832223,0.0,0.0
MESO-TCGA-LK-A4NY-01A-31-A646-42-X035-S01,0.04172854915044151,0.0,0.4819960521946745,0.06402892462598336,0.0,0.09281769848708399,0.0702071425908778,0.024104695205817116,0.20248304444960835,0.0,0.0,0.021874012565058453,0.0,0.0007598791718181297,0.0,0.0
MESO-TCGA-LK-A4NW-01A-31-A646-42-X033-S01,0.10908279924119546,0.0008251630111799035,0.46737936861980445,0.0,0.0,0.0860563896361612,0.056451161209141,0.0445307546713525,0.20549397053999865,0.0,0.0,0.019325597829518884,0.009597882737179307,0.0004093413849482919,0.0008475695111308764,0.0
HNSC-TCGA-F7-A624-01A-31-A644-42-X038-S05,0.0,0.0,0.4510684336794308,0.0,0.0,0.19891513832319527,0.017207792429172936,0.11071166634443194,0.14847564727623083,0.05693538701322713,0.0,0.0,0.0,0.0075519068140299525,0.006209466057275724,0.0029245602611204253
KIRP-TCGA-F9-A7Q0-01A-31-A617-42-X011-S10,0.0,0.0,0.46184935851572007,0.02470466584862988,0.0,0.0,0.40387473524343703,0.04663791591473154,0.010280266451973281,0.04261855425610248,0.0,0.0,0.0,0.0,0.010034501889924812,0.0
KIRP-TCGA-F9-A8NY-01A-31-A617-42-X023-S10,0.013962393052037605,0.0,0.45324360094475397,0.0,0.0,0.08021597279294757,0.3634534440810978,0.05891574648972479,0.0009669916564005488,0.0,0.0,0.0,0.007171743480644956,0.009093298035962526,0.012086241365110321,0.0008905661520403167
LUAD-TCGA-73-A9RS-01A-22-A602-42-X001-S02,0.11118148733200621,0.2651949538371988,0.31167837707420665,0.0,0.06516897647272857,0.030460167291748084,0.0,0.0713796342940752,0.0,0.07932682554171426,0.0,0.0,0.014471830232181088,0.022449506814861266,0.028688239283004062,0.0
KIRP-TCGA-P4-A5EA-01A-22-A617-42-X019-S09,0.20473198169116733,0.0,0.3188683227892299,0.0,0.0,0.032788870595655516,0.31423915953939013,0.09826331583894937,0.0,0.0,0.0,0.0,0.0,0.011458403278836706,0.018306660861329108,0.0013432833969563645
STAD-TCGA-BR-A4CR-01A-31-A644-42-X027-S08,0.0,0.1099319384584042,0.3232647879299376,0.09590146034059471,0.09449046195280572,0.0,0.0,0.018745634186436197,0.0,0.1954493493625564,0.12809544370158651,0.00009820287387286415,0.01614889743616843,0.0049551697812342775,0.009789184950771232,0.0031294669063830966
CHOL-TCGA-3X-AAVA-01A-31-A617-42-X014-S08,0.0,0.02139572382282882,0.3619351266011532,0.0,0.02762379422714827,0.022742783184429956,0.2717550876073427,0.01929962084509067,0.05624712085656129,0.1014301289542599,0.0,0.0,0.07646199263332659,0.030247335758850972,0.01086128273072138,0.0
HNSC-TCGA-KU-A66S-01A-31-A644-42-X037-S10,0.20428356456485988,0.003047699005164976,0.2834048517273394,0.08072964009281641,0.0,0.017490159970824617,0.0037584719143755997,0.15348612342384135,0.022199483812807806,0.14145966926393813,0.0660221959438379,0.0,0.00243203671441967,0.0,0.012047769829377272,0.009638331514599417
LUAD-TCGA-MP-A4T7-01A-22-A646-42-X026-S01,0.0,0.0,0.3146843798209481,0.0,0.0,0.017589307328320553,0.0666254429959782,0.1758312925281449,0.2691080739306157,0.013227090444711839,0.0,0.0,0.0,0.04226945929827439,0.0893867647746753,0.01127818446074988
LGGx-TCGA-P5-A77X-01A-31-A617-42-X022-S11,0.0,0.0,0.0,0.9999999991708327,0.0,0.0,0.0,0.0,0.0,0.0,0.0,0.0,0.0,0.0,0.0,0.0
LGGx-TCGA-P5-A72W-01A-31-A617-42-X018-S01,0.0,0.0,0.0,0.9977087767179958,0.0,0.0,0.0,0.0,0.0,0.0,0.0,0.0022096208827260388,0.0000816015618639534,0.0,0.0,0.0
LGGx-TCGA-DU-5870-02A-21-A646-42-X030-S02,0.0,0.0,0.0034150768298292695,0.9965427241016581,0.0,0.0,0.0,0.0,0.0,0.0,0.0,0.0,0.0,0.0,0.0,0.00004219822510100805
LGGx-TCGA-P5-A735-01A-31-A617-42-X017-S03,0.0,0.0,0.0,0.9948399384109654,0.004979072133282793,0.0,0.0,0.0,0.0,0.0,0.0,0.0,0.0001809886038849928,0.0,0.0,0.0
LGGx-TCGA-FG-A4MY-01A-31-A616-42-X015-S02,0.0,0.0,0.004626178390620461,0.9929657164092829,0.0012560689641009965,0.0,0.0,0.0,0.0,0.0,0.0,0.0,0.0,0.0,0.0,0.0011520353456767702
LGGx-TCGA-DU-6395-02A-11-A644-42-X037-S06,0.0,0.0,0.0,0.9681095506376113,0.0,0.017755467837176395,0.0,0.009952402013418156,0.003911799276331063,0.0,0.0,0.0,0.0,0.0,0.0001712020100277593,0.00009957735436321934
LGGx-TCGA-W9-A837-01A-31-A617-42-X019-S03,0.0,0.0,0.0,0.9989431486570532,0.0008075282651224118,0.0,0.0,0.0,0.0,0.0,0.0,0.0,0.0,0.0,0.0,0.00024932217753673164
GBMx-TCGA-06-A7TK-01A-31-A617-42-X008-S01,0.0,0.0,0.0,0.9527866859304249,0.0,0.02084520012717163,0.0,0.0,0.02607698646926727,0.0,0.0,0.0,0.0,0.0,0.0,0.0002911266016920736
LGGx-TCGA-DB-A75K-01A-31-A646-42-X034-S07,0.0,0.0,0.06766781101446569,0.9099715821326624,0.0,0.0,0.0002537335909352135,0.0,0.022073491452866578,0.0,0.0,0.0,0.0,0.0,0.000033380971883590745,0.0
LGGx-TCGA-DU-6407-02B-21-A645-42-X036-S01,0.0,0.0,0.0,0.9348445407466424,0.0,0.06465638043529193,0.0,0.0,0.0,0.0,4.218852806357335e-6,0.0,0.0,0.0,0.0,0.0004948591006614161
LGGx-TCGA-F6-A8O3-01A-31-A617-42-X013-S07,0.0,0.0,0.0,0.9985392943183591,0.0,0.0,0.0,0.0,0.0,0.0,0.0,0.0,0.0,0.0,0.0,0.0014607047507326312
GBMx-TCGA-06-A7TL-01A-31-A617-42-X023-S02,0.0,0.0,0.0,0.9286400756775209,0.0,0.037385263949924134,0.0,0.006279392072837492,0.027440841535862577,0.0,0.0,0.0,0.0,0.0,0.0002544258593787101,0.0
LGGx-TCGA-E1-A7YI-01A-31-A617-42-X020-S08,0.0,0.0,0.0,0.8482117896168447,0.0,0.1424170204204611,0.0,0.007251091272148074,0.0,0.0017948466544757545,0.00032525119833178923,0.0,0.0,0.0,0.0,0.0
LGGx-TCGA-P5-A72X-01A-31-A617-42-X014-S09,0.0,0.0,0.0,0.996370454978247,0.0,0.0,0.0,0.0,0.0,0.0,0.0,0.0030593055786896383,0.0005527157674638621,0.0,0.0,0.000017522684641272067
GBMx-TCGA-06-A5U0-01A-31-A615-42-X011-S07,0.10388745896239136,0.0,0.0,0.8531509290174146,0.003418875385165785,0.0028591605696752487,0.0,0.0,0.0,0.030056955304483726,0.0,0.0038650819842341966,0.0027615379228437716,0.0,0.0,0.0
GBMx-TCGA-RR-A6KB-01A-31-A615-42-X017-S01,0.03314825891931495,0.0,0.11548926953094626,0.8242526342539767,0.007592716155041869,0.0,0.006411033783025996,0.0,0.004738513193621433,0.0027821995960673365,0.0,0.005585373722276007,0.0,0.0,0.0,0.0
GBMx-TCGA-OX-A56R-01A-31-A616-42-X019-S10,0.13598513450797964,0.0,0.013911631995283094,0.8020215094215206,0.0,0.0018404973799424366,0.019344051321586356,0.002532628558199,0.018005420996907887,0.004082904786800515,0.0,0.002276220175724415,0.0,0.0,0.0,0.0
LGGx-TCGA-FG-A4MU-01B-31-A615-42-X016-S10,0.0336702929572573,0.0,0.0,0.884049339071147,0.0,0.0,0.015096445529014225,0.00517125561854406,0.05976455391841591,0.0,0.0,0.0022481119201889347,0.0,0.0,0.0,0.0
GBMx-TCGA-76-6656-01A-12-A617-42-X008-S07,0.0,0.0,0.0,0.9351744303181062,0.0,0.0,0.0052479668640771655,0.010968527599386003,0.04576892915136979,0.0,0.0,0.0009542156724817283,0.0,0.0,0.0005830831722493848,0.0013028461486846287
GBMx-TCGA-4W-AA9S-01A-22-A617-42-X015-S12,0.0,0.0,0.0,0.8265827218824631,0.0,0.04928751353441672,0.015895823241207696,0.0031476976637282777,0.10496809308595212,0.0,0.0,0.0,0.0,0.0,0.00011814950138276217,0.0
GBMx-TCGA-81-5910-01A-11-A617-42-X022-S03,0.014651922896001387,0.0,0.107458725346289,0.7147536947561863,0.0,0.08789366552056223,0.014540301621500024,0.012382459980414144,0.018642020891015566,0.02772487658005923,0.0,0.0,0.0,0.000304219787760617,0.0,0.0016481116470907257
GBMx-TCGA-06-A6S1-01A-31-A616-42-X020-S06,0.0,0.0,0.03182579927188331,0.7255989083825494,0.0,0.14740693188608217,0.0,0.0,0.0938846234353444,0.0,0.0,0.0,0.0,0.0,0.0,0.0012837359484233354
TGCT-TCGA-XE-AANI-01A-31-A646-42-X038-S09,0.004862086247992027,0.0,0.12019181641210307,0.3020173435629212,0.034898388157160024,0.10747663122164955,0.0,0.0,0.18055301897793566,0.24514840328208087,0.0,0.003694635262562403,0.0,0.0,0.0,0.0011576752467469475
SKCM-TCGA-EB-A3XF-01A-21-A644-42-X040-S05,0.007975697171911173,0.0,0.22502763006924606,0.31685041295149685,0.0010875272475092727,0.23829599395742213,0.0,0.0,0.18943690038154146,0.0,0.0,0.0033640260856539752,0.015709811221244943,0.0,0.0,0.002251999190692966
PRAD-TCGA-EJ-A46B-01A-11-A644-42-X034-S03,0.0,0.0,0.0,0.01862657614872125,0.9771403573367374,0.0,0.0,0.0,0.0,0.0027902124983039734,0.0,0.0,0.0,0.0,0.0,0.0014428524819621656
PRAD-TCGA-YL-A8SB-01A-11-A646-42-X031-S02,0.0,0.0,0.0,0.052340193333331425,0.9362664536733526,0.0,0.0,0.010595845678445777,0.0,0.0,0.0,0.0,0.0,0.0,0.0,0.0007975058279361672
PRAD-TCGA-ZG-A9L2-01A-21-A645-42-X029-S12,0.0,0.008660230279273779,0.013221920099069305,0.0,0.9361516776349155,0.0147167156013638,0.0,0.0,0.0,0.021750635969179026,0.0,0.0,0.005498818906680492,0.0,0.0,0.0
PRAD-TCGA-VN-A88K-01A-31-A645-42-X032-S04,0.0,0.03831955574340472,0.0,0.0,0.9273545760085885,0.0018538577196905,0.0,0.0,0.0,0.025069595701584464,0.0,0.0,0.007402413270495338,0.0,0.0,0.0
PRAD-TCGA-ZG-A9L0-01A-31-A645-42-X037-S12,0.0,0.013848282766781649,0.06430499257556357,0.022171269542910106,0.8576014673964644,0.005537984853835782,0.0,0.0,0.0,0.029655950378170017,0.0,0.0,0.00688005103435297,0.0,0.0,0.0
PRAD-TCGA-YL-A9WK-01A-31-A645-42-X029-S07,0.0,0.0,0.0,0.0,0.970582570991506,0.0,0.0,0.0,0.0,0.02370537417519264,0.0,0.0,0.0038912544765304013,0.0,0.0,0.0018207987110881174
PRAD-TCGA-EJ-A7NG-01A-21-A646-42-X025-S08,0.0,0.0,0.0,0.0,0.9959689657621429,0.0,0.0,0.0,0.0,0.0,0.0,0.0,0.0,0.0,0.0,0.004031032529125362
PRAD-TCGA-ZG-A9L1-01A-31-A645-42-X034-S06,0.0,0.0,0.0,0.010206743964126014,0.9868822732599393,0.0,0.0,0.0,0.0,0.0,0.0,0.0,0.0,0.0,0.0,0.0029109810756157727
PRAD-TCGA-EJ-A46H-01A-21-A644-42-X042-S01,0.0,0.0,0.0,0.0,0.9957192030112798,0.0,0.0,0.0,0.0,0.0,0.0,0.0,0.0,0.0,0.0,0.004280795256693732
PRAD-TCGA-EJ-A46D-01A-31-A644-42-X030-S07,0.0,0.0,0.0,0.028109301639067073,0.9226853746405368,0.0,0.0,0.038265116256043424,0.006552619619630217,0.0,0.0,0.002104571709703354,0.0,0.0,0.0,0.002283014523198062
PRAD-TCGA-VP-A875-01A-11-A645-42-X036-S07,0.0,0.006110565399741399,0.0,0.0,0.9728758164798641,0.0,0.0,0.006165078949804003,0.0047802757195936785,0.0,0.0013947152711135478,0.0,0.0,0.0027654813364654408,0.002837681873940593,0.003070383232404395
PRAD-TCGA-EJ-7318-01B-31-A646-42-X026-S10,0.09513521208842803,0.0,0.0,0.05074971327638289,0.7930337704353367,0.0,0.0,0.021513807841331518,0.038799598047047044,0.0,0.0,0.0,0.0,0.0,0.0,0.0007678968868241466
PRAD-TCGA-EJ-A7NM-01A-31-A646-42-X025-S09,0.047640470096011245,0.08391625859307118,0.0,0.0,0.809706365617551,0.028224150315420127,0.0,0.0,0.0,0.017245739975020755,0.006580335488781982,0.0,0.004690340487928303,0.001996337966309754,0.0,0.0
PRAD-TCGA-EJ-7218-01B-41-A644-42-X033-S09,0.0,0.030889224642383573,0.0,0.0,0.964601713377006,0.0,0.0,0.0,0.0,0.0,0.0,0.0,0.0,0.0,0.0,0.0045090602195012215
PRAD-TCGA-YL-A8SL-01B-31-A645-42-X040-S09,0.0,0.011250871256838631,0.06303231595965886,0.06691624421599336,0.787310507217213,0.021659715804422025,0.0009853658374019702,0.0,0.0,0.04006002459241071,0.004436350704471587,0.0,0.004348602968987457,0.0,0.0,0.0
PRAD-TCGA-EJ-A65F-01A-31-A644-42-X035-S08,0.0,0.0647826980425356,0.0,0.0,0.9274698481552258,0.0,0.0,0.001652421142619498,0.0,0.0,0.0,0.0,0.0,0.0,0.0007623143906938604,0.005332716496840399
PRAD-TCGA-YL-A8HJ-01A-31-A645-42-X028-S10,0.0,0.0,0.0,0.0,0.9675358297020134,0.0,0.0,0.004941416916083579,0.02098974882685009,0.0,0.0,0.0,0.0,0.0,0.0,0.006533002662084409
PRAD-TCGA-YL-A8SP-01B-22-A645-42-X040-S10,0.0,0.0,0.2209180400228274,0.055461250879202034,0.6566491376724526,0.017113132234299056,0.0,0.0,0.0,0.04393644507297209,0.0,0.0,0.005921992798744264,0.0,0.0,0.0
PRAD-TCGA-EJ-A46G-01A-21-A644-42-X041-S03,0.0,0.0,0.0,0.0,0.9914003131701986,0.0,0.0,0.0,0.0,0.0,0.0008113976643206809,0.0,0.0,0.0,0.0,0.007788287132775934
PRAD-TCGA-EJ-A46F-01A-11-A644-42-X038-S12,0.0,0.015270537553608006,0.0,0.0,0.8411800785979299,0.0,0.0,0.07361887285385404,0.05600042565378785,0.0,0.0,0.0,0.0,0.006347866855096371,0.007582216628324588,0.0
PRAD-TCGA-EJ-A8FP-01A-31-A645-42-X031-S12,0.2599983742644293,0.007222270347968496,0.0,0.0,0.6189385729840183,0.0,0.0,0.03648038108352018,0.05991770937171313,0.0,0.0013522578084105533,0.008499039256317235,0.0,0.007037960050384568,0.0,0.0005534334137125415
PRAD-TCGA-EJ-A46E-01A-21-A644-42-X038-S01,0.21221342640078014,0.032628167356667626,0.004876247440685102,0.0,0.6836131054168066,0.0,0.005499349065963859,0.005214842928564622,0.02360970534999552,0.0,0.0,0.021527591009169678,0.0,0.0060952734696858935,0.0,0.004722289913324329
PRAD-TCGA-EJ-A8FN-01A-31-A645-42-X024-S03,0.3240932335895816,0.0,0.0,0.0,0.5313315997458825,0.0,0.0,0.06038226417657592,0.07389963376543829,0.0,0.0,0.008523495071538673,0.0,0.0005098703313428396,0.0,0.0012599019154154825
PRAD-TCGA-KC-A4BV-01A-21-A646-42-X030-S08,0.42248484021044386,0.023346716979603204,0.0,0.0,0.4314101041305037,0.0,0.0,0.0,0.10237774248860809,0.0,0.0,0.0,0.0,0.014601938928641828,0.0,0.005778655530381202
PRAD-TCGA-SU-A7E7-01A-11-A645-42-X033-S11,0.2228957995630878,0.07317109190546851,0.0,0.0,0.41461444992458185,0.0,0.0,0.20521427942702444,0.05327555107494566,0.0,0.000023340083726689326,0.0063230587856681645,0.0,0.019582048906090034,0.004900378530829355,0.0
STAD-TCGA-BR-A4IY-01A-31-A646-42-X037-S02,0.0,0.0,0.0,0.0,0.42746090807915277,0.0,0.0,0.0,0.08381966959509955,0.16407365909585775,0.0,0.028080278054205935,0.02204269959951014,0.2655373931841148,0.0,0.008985386256006755
SKCM-TCGA-EB-A24C-01A-31-A644-42-X024-S11,0.0,0.0,0.0,0.0,0.0,0.9999999991566253,0.0,0.0,0.0,0.0,0.0,0.0,0.0,0.0,0.0,0.0
SKCM-TCGA-D3-A8GP-06A-22-A645-42-X041-S04,0.0,0.0,0.007906652414526028,0.013785043876114799,0.0,0.9756691705898133,0.0010484393768263932,0.0,0.0,0.0,0.0011607355590482675,0.0,0.0,0.0,0.00016816432341403966,0.0002617930011447365
SKCM-TCGA-DA-A95Y-06A-22-A645-42-X032-S12,0.0,0.0,0.0,0.0,0.0,0.9905767876190815,0.0,0.008290541696229144,0.0,0.0,0.0,0.0,0.0,0.0,0.0011326698079216493,0.0
SKCM-TCGA-D3-A8GM-06A-31-A646-42-X038-S10,0.0,0.0,0.0,0.0,0.0,0.9814026714736263,0.0,0.0,0.016942484918581066,0.0016548427290603075,0.0,0.0,0.0,0.0,0.0,0.0
SKCM-TCGA-D9-A1JW-06A-31-A644-42-X033-S10,0.015172938096074718,0.00828662509653923,0.0,0.0,0.0,0.9297323619425035,0.004933730518816755,0.0,0.0,0.03965746939701591,0.0,0.0013829676439917895,0.0008339064614632088,0.0,0.0,0.0
SKCM-TCGA-D9-A6EC-06A-31-A644-42-X037-S11,0.15134493905082627,0.0,0.010877077348880732,0.00577967911942458,0.0,0.8268005831870092,0.00028455389916376905,0.004468430921638161,0.0,0.0,0.0,0.0,0.0,0.0,0.0,0.00044473567732610306
SKCM-TCGA-XV-AAZY-01A-31-A645-42-X030-S05,0.0,0.0,0.0,0.0,0.0,0.9906573491821522,0.0,0.0,0.007106728034765182,0.0,0.0,0.0,0.0,0.0,0.0,0.002235921806474062
SKCM-TCGA-D9-A6EA-06A-31-A644-42-X039-S02,0.03538076621288446,0.0,0.0,0.0,0.0,0.9431102591627762,0.0,0.0,0.01678805095185452,0.003341811997293459,0.0,0.0,0.0,0.0,0.0,0.0013791107342650984
SKCM-TCGA-EB-A5SH-06A-31-A644-42-X025-S11,0.0,0.0,0.0,0.0,0.0074432500619364215,0.9188608140170775,0.0,0.0,0.0017936503175112189,0.07104458024149062,0.0,0.0,0.0008577044277997793,0.0,0.0,0.0
SKCM-TCGA-EB-A5KH-06A-31-A644-42-X029-S10,0.0,0.0,0.008865764881159177,0.018401308748242542,0.0015131265578043967,0.9269384987873952,0.0,0.0,0.0,0.04213944277226987,0.0,0.0,0.0,0.0,0.0,0.002141857241936522
SKCM-TCGA-DA-A95W-06A-22-A645-42-X026-S09,0.0,0.0,0.015041706700796981,0.11603643623184955,0.006105407654429325,0.8606916408976472,0.0,0.0,0.0,0.0,0.0,0.0,0.00026054807401778006,0.0,0.0,0.0018642594753725736
STAD-TCGA-D7-A4YX-01A-31-A644-42-X029-S08,0.0,0.0,0.0,0.0,0.0,0.2854826984699494,0.0,0.022485730557089398,0.11501271562230195,0.28039689808186075,0.0,0.0,0.021761344731321165,0.25468541513168214,0.0,0.020175190389153417
KIRP-TCGA-P4-A5E6-01A-31-A615-42-X006-S07,0.0,0.0,0.0,0.0,0.0,0.0,0.999999997182251,0.0,0.0,0.0,0.0,0.0,0.0,0.0,0.0,0.0
KIRP-TCGA-F9-A7VF-01A-31-A617-42-X016-S07,0.0,0.0,0.0,0.06982824554808019,0.0,0.014811415808182555,0.908967529421079,0.005772968709013917,0.0,0.0,0.0,0.0,0.0,0.0,0.0006198378960973876,0.0
KIRP-TCGA-HE-A5NI-01A-31-A616-42-X015-S03,0.0,0.0,0.0,0.0,0.0,0.0,0.9742604690387398,0.023301873880162326,0.0,0.0,0.0,0.0,0.0,0.0024376542691994076,0.0,0.0
KIRP-TCGA-UZ-A9PV-01A-31-A616-42-X006-S10,0.0,0.0,0.0,0.02328604239383853,0.0,0.0,0.976713954786663,0.0,0.0,0.0,0.0,0.0,0.0,0.0,0.0,0.0
KIRP-TCGA-GL-A9DC-01A-31-A617-42-X015-S08,0.0,0.0012006035682581894,0.0,0.0,0.0,0.0,0.9503910377699764,0.040197301894745276,0.0,0.0036809991110540573,0.0,0.0,0.0,0.0,0.004530054883771882,0.0
KIRP-TCGA-P4-A5EB-01A-31-A615-42-X008-S11,0.0,0.0,0.0,0.0,0.0,0.0,0.9875411741865505,0.0,0.0,0.0,0.0,0.0,0.01245882291570911,0.0,0.0,0.0
KIRP-TCGA-UZ-A9PL-01A-31-A617-42-X016-S06,0.16596038010429248,0.0,0.0,0.0,0.0,0.0,0.8276251127964924,0.001971236197685881,0.0,0.0,0.001382270145969735,0.0,0.0,0.0030609983124618035,0.0,0.0
KIRP-TCGA-KV-A74V-01A-31-A617-42-X021-S10,0.0,0.0,0.0,0.0,0.0,0.0,0.9546241394700475,0.0,0.0,0.010841574389107302,0.02259466228711662,0.007562117208852756,0.002905366373169506,0.0014362836079756622,0.00003585384162774102,0.0
KIRP-TCGA-IA-A40X-01A-31-A616-42-X012-S01,0.0,0.0,0.015942799987356645,0.017330739614831402,0.003955653923466543,0.05312088946292221,0.8623041355882105,0.0,0.0,0.03588343596854375,0.0,0.0004069328086037228,0.011055410037985117,0.0,0.0,0.0
KIRP-TCGA-B9-A5W9-01A-31-A617-42-X013-S10,0.0,0.0,0.0890771524655961,0.09380106883011546,0.020707730942658487,0.0015579274499292297,0.7770388379499938,0.0,0.0,0.016106904778331377,0.0,0.0017103752314011546,0.0,0.0,0.0,0.0
KIRP-TCGA-UZ-A9PJ-01A-31-A616-42-X006-S01,0.010182850185207927,0.0,0.0,0.0,0.0,0.0,0.9131787324354323,0.016671191316029822,0.036090006025666116,0.007338148689927501,0.0,0.008493052898160333,0.0,0.002570023117577191,0.005475992555994563,0.0
KIRP-TCGA-UZ-A9PK-01A-31-A617-42-X011-S08,0.10150523410742224,0.0,0.0,0.0,0.0,0.0,0.8410292908851094,0.011378707823647192,0.0,0.019236801483697677,0.0,0.023951313799226118,0.0,0.0,0.002898649325932963,0.0
KIRP-TCGA-B1-A47N-01A-31-A616-42-X023-S13,0.07549214373001976,0.0,0.0,0.0,0.008123255399771667,0.0,0.8509985347980499,0.0,0.045279177540468105,0.0006300417357542063,0.005850295826555876,0.009676574863844075,0.0,0.003949973484375395,0.0,0.0
KIRP-TCGA-HE-A5NH-01A-31-A616-42-X023-S12,0.0998606193570278,0.0,0.0,0.0,0.0,0.0,0.8056517700653889,0.02018504398460064,0.018348128563555263,0.03025714373022592,0.0,0.022383999076891738,0.0,0.0,0.0033132927119204933,0.0
KIRP-TCGA-P4-AAVL-01A-31-A617-42-X012-S12,0.09345420174750398,0.0,0.0,0.0,0.0,0.0,0.8566191222619541,0.007936373110591546,0.03342249796534384,0.0,0.0023352872842779715,0.0,0.0,0.0007413860708854061,0.0033760395067114297,0.0021150893567952666
KIRP-TCGA-B1-A654-01A-31-A616-42-X008-S10,0.0,0.01736775257163502,0.0,0.02828625965338263,0.005114301744943647,0.0,0.8247508453031189,0.0,0.016168600382445785,0.08182076280851659,0.010087766487507102,0.012716817478868317,0.0,0.0,0.002933338787536745,0.0007535521832566716
KIRP-TCGA-HE-A5NJ-01A-31-A616-42-X006-S12,0.28309173956282296,0.0,0.0,0.027602618455599397,0.0,0.0,0.6517567461773871,0.01879666634819768,0.0,0.0,0.0,0.0186419954888471,0.0,0.0,0.00011023189713019268,0.0
KIRP-TCGA-IA-A40U-01A-31-A616-42-X020-S11,0.02724763674155476,0.0,0.1652875726381689,0.0,0.0,0.0,0.7418119718640289,0.02891127296747517,0.005764572577676531,0.028088634946488063,0.0,0.0,0.0,0.001397867370330289,0.00023718307999064532,0.0012532854578501432
KIRP-TCGA-UZ-A9PQ-01A-31-A615-42-X019-S08,0.0,0.0,0.2003292388879575,0.050811564536947434,0.042579309957192515,0.02048818660876058,0.6319085342641604,0.0,0.0,0.045887908316937294,0.0,0.0,0.007995255310754677,0.0,0.0,0.0
KIRP-TCGA-B9-A5W8-01A-31-A617-42-X021-S02,0.0,0.0,0.1491403211575662,0.0,0.0,0.0,0.7630992277548083,0.03186272149827356,0.05129433275640491,0.0,0.0,0.0,0.0,0.0018380878852480775,0.00276530636831499,0.0
KIRP-TCGA-UZ-A9PP-01A-31-A617-42-X012-S04,0.0,0.0,0.0,0.0,0.0,0.0,0.828302462607082,0.0,0.14881197261071455,0.012428951043929222,0.0,0.0045615203794873325,0.0,0.0027897266525784225,0.0031053638841331346,0.0
KIRP-TCGA-UZ-A9PM-01A-31-A616-42-X020-S01,0.0,0.0,0.0,0.0,0.0,0.0,0.8826503015494714,0.0,0.11044408049776222,0.0,0.0,0.0,0.0,0.0006173830327782676,0.003168221367433648,0.0031200105323875697
KIRP-TCGA-B9-A8YI-01A-31-A617-42-X017-S10,0.0,0.0,0.0641290807451664,0.056930192441452435,0.0524699668215737,0.0,0.7745348978997154,0.0,0.0,0.0,0.0,0.015608653997219862,0.03632720536188539,0.0,0.0,0.0
KIRP-TCGA-PJ-A8JU-01A-31-A617-42-X021-S11,0.0,0.0,0.17855425496187188,0.05240935086272876,0.0,0.016228641908945657,0.6526109369462358,0.0,0.07643694602704931,0.0,0.0,0.009942271861967233,0.013817595083617578,0.0,0.0,0.0
KIRP-TCGA-HE-A5NK-01A-31-A616-42-X008-S05,0.0,0.0,0.39083927146193714,0.005176116100604295,0.0,0.0,0.5195490734129464,0.026185393355293927,0.007249675681983201,0.04919018819308716,0.0,0.0,0.0,0.0,0.0018102799193177841,0.0
KIRC-TCGA-DV-A4VX-01A-31-A602-42-X004-S11,0.0,0.0,0.22319943056187252,0.0,0.0,0.0,0.6954417696586029,0.012121455860092977,0.03231637201449976,0.0,0.0,0.0,0.03507530886297223,0.0,0.0,0.0018456604125274248
KIRP-TCGA-4A-A93X-01A-31-A617-42-X010-S06,0.0,0.0,0.0,0.0,0.0,0.0,0.9229233825555647,0.0,0.0,0.0,0.0006986111639256359,0.016496512362109035,0.05805992546252965,0.0,0.0,0.00182156494545935
KIRC-TCGA-B8-A54G-01A-31-A602-42-X003-S10,0.0,0.0,0.0,0.0,0.0,0.0,0.8421739215927184,0.0,0.1242610616972873,0.0,0.0,0.0,0.030248846078279042,0.0,0.0,0.003316167407195984
KIRP-TCGA-Q2-A5QZ-01A-31-A617-42-X007-S09,0.0,0.0,0.05720779945841478,0.0,0.0,0.07963841737976662,0.7153906767986594,0.0,0.060825438637843766,0.04587664237493683,0.016286856053241906,0.0,0.01968650132781107,0.002590121468943271,0.0,0.002497543701331292
KIRP-TCGA-2K-A9WE-01A-31-A617-42-X022-S01,0.0,0.0,0.0,0.0,0.0,0.039257477906803055,0.6831856633668563,0.0,0.2728304320032017,0.0,0.0,0.0,0.002556048652276163,0.0,0.0,0.0021703751170848613
KIRP-TCGA-B9-A44B-01A-31-A616-42-X022-S09,0.0,0.0,0.0,0.0,0.0,0.02343000225019101,0.7798391340046642,0.0,0.12039011398350376,0.0517622849897597,0.0,0.0,0.014198577373547148,0.0,0.0,0.010379884001637184
KIRC-TCGA-B8-A54J-01A-22-A617-42-X010-S05,0.0,0.0,0.0,0.0,0.0,0.0,0.8125102915145946,0.0,0.14783373651678397,0.0,0.0,0.0,0.03074923025671936,0.0,0.0,0.008906738137056164
KIRP-TCGA-4A-A93Y-01A-31-A617-42-X018-S07,0.0,0.0,0.30745842059567996,0.14078218165900483,0.005640776713821241,0.15006506918295637,0.3545737817227938,0.0,0.0,0.01624042569513734,0.0,0.0,0.025239342822040205,0.0,0.0,0.0
KIRC-TCGA-B8-A54H-01A-31-A602-42-X004-S12,0.0,0.0,0.0,0.027932803191578103,0.0,0.0,0.8222606284113202,0.0,0.1122309862597355,0.0,0.0,0.0,0.0236995438340745,0.0,0.0,0.013876034563818394
KIRC-TCGA-3Z-A93Z-01A-31-A602-42-X003-S04,0.0,0.0,0.0,0.03258152512232992,0.0,0.0,0.7642158566916043,0.0,0.16904753275816356,0.0,0.0,0.0,0.025157828387807432,0.0,0.0,0.008997253528512118
KIRC-TCGA-GK-A6C7-01A-31-A602-42-X003-S03,0.0,0.0,0.0,0.0,0.0,0.0,0.7840507263847165,0.0,0.17978228384514403,0.0,0.0,0.0,0.02487330446794676,0.0,0.0,0.011293681686126896
KIRC-TCGA-B8-A54F-01A-22-A617-42-X018-S11,0.0,0.0,0.07073516547537018,0.08589640073142027,0.02251271281565541,0.0,0.5882786349391115,0.0,0.21745035667236043,0.0,0.0,0.0,0.011261028523791697,0.0,0.0,0.00386569806561738
KIRC-TCGA-B2-A4SR-01A-31-A616-42-X018-S12,0.0,0.0,0.0,0.0,0.0,0.0,0.8179770456344028,0.0,0.12299072526677554,0.0,0.0,0.016083288300519766,0.025979162386982686,0.0,0.0,0.016969774258795717
KIRC-TCGA-B8-A8YJ-01A-31-A602-42-X002-S01,0.0,0.0,0.0,0.023547485994033817,0.0,0.0,0.6865189531393467,0.0,0.2541723324281469,0.0,0.0,0.0,0.026673186916869037,0.0,0.0,0.009088038032467846
KIRC-TCGA-B8-A54E-01A-31-A616-42-X014-S12,0.0,0.0,0.2927227544135007,0.07488643972679183,0.021890655718426192,0.09272465407597316,0.39343319186345965,0.0,0.046002509958299666,0.0,0.0,0.04828812718598163,0.03005166502823312,0.0,0.0,0.0
KIRC-TCGA-CJ-5679-01A-21-A617-42-X013-S02,0.0,0.0,0.13245158346808011,0.0,0.0,0.1220003126348104,0.5161424871796718,0.014905191364603816,0.15449992824048858,0.0,0.018095302800682136,0.0,0.03280024871742362,0.0,0.0045600094910368694,0.004544933181332475
KIRC-TCGA-CJ-5677-01A-22-A617-42-X022-S04,0.0,0.0,0.0,0.0,0.0,0.0,0.6429077565370469,0.0,0.32193585810821956,0.0,0.0,0.0,0.027162890668928606,0.0,0.0,0.007993491011184278
KIRC-TCGA-6D-AA2E-01A-31-A617-42-X007-S07,0.0,0.0,0.019087440070478082,0.09639854951770511,0.008641952608343969,0.01041491264402776,0.595283605791289,0.0,0.1840037482260131,0.0,0.0,0.028144303906068497,0.047697033207832994,0.0,0.0,0.010328450551577524
KIRC-TCGA-MM-A564-01A-12-A616-42-X010-S10,0.0,0.0,0.0,0.15220252696263,0.0,0.1402984610280698,0.4646249492976122,0.0,0.22354951939798853,0.0,0.0,0.007579086246956806,0.007342296692514672,0.0,0.0,0.004403157589019311
KIRC-TCGA-CJ-5671-01A-11-A602-42-X001-S01,0.0,0.0,0.0,0.0,0.0,0.01277084147973948,0.48392007376491747,0.0,0.41560339219939235,0.07199310129490377,0.0,0.0,0.005997584916916056,0.0,0.0,0.009715002837898418
ESCA-TCGA-LN-A9FQ-01A-11-A617-42-X010-S08,0.07573824346243874,0.07132305578249468,0.03100976070577896,0.043754991773299876,0.039604738916656064,0.0,0.0,0.7317922840666324,0.0,0.0,0.0,0.0,0.006776923112633574,0.0,0.0,0.0
LUSC-TCGA-MF-A522-01A-31-A644-42-X039-S07,0.05453668136632365,0.0,0.0,0.0,0.0,0.006259801172978813,0.0,0.9235460493128425,0.0,0.0,0.0,0.0,0.0035121361980598917,0.0062470528528114746,0.00589827628153346,0.0
LUSC-TCGA-37-A5EM-01A-31-A644-42-X036-S02,0.0,0.0,0.0,0.014039657441820853,0.0,0.07909742753334571,0.0,0.8359448613726375,0.020541562623692354,0.04695975051610377,0.0,0.0,0.0,0.0,0.0034167379522538374,0.0
LUSC-TCGA-85-A512-01A-31-A644-42-X039-S11,0.0,0.0,0.07049042946942725,0.05860782172063255,0.0407636556492567,0.0,0.0,0.7917218174868814,0.0,0.029528768334150628,0.008887504887544159,0.0,0.0,0.0,0.0,0.0
LUSC-TCGA-85-A4CN-01A-31-A644-42-X041-S10,0.0,0.0,0.0206818867001371,0.15524475500044999,0.013708110737323398,0.12686631582229266,0.0,0.6489244890162138,0.0,0.034574440689668,0.0,0.0,0.0,0.0,0.0,0.0
ESCA-TCGA-LN-A7HX-01A-31-A617-42-X017-S09,0.0,0.06602971580541347,0.0,0.0,0.0,0.0,0.0,0.9151289292793223,0.0,0.0,0.0,0.0,0.0,0.017563820261203632,0.0,0.0012775317257089172
ESCA-TCGA-IG-A625-01A-31-A615-42-X007-S11,0.0,0.0,0.1306294144341929,0.09877619905512006,0.06101535016705519,0.0,0.0,0.6582063614560596,0.0,0.04378075929078738,0.0,0.0,0.005732837240591782,0.0,0.0,0.001859076192411053
LUSC-TCGA-85-A4CL-01A-11-A646-42-X027-S02,0.0,0.0,0.16780515703068036,0.07732734163575083,0.0,0.0,0.014992530410733595,0.6146544449896071,0.013355652001573641,0.10622106960825772,0.00020141962662403358,0.0,0.002844986627283992,0.002325986434820234,0.0,0.000271409586327724
ESCA-TCGA-LN-A8HZ-01A-31-A617-42-X007-S10,0.0,0.0,0.0356836032277668,0.07392732887045474,0.0,0.06591505970222866,0.007402555792109963,0.7880563618870996,0.026549096487949512,0.0,0.0,0.0,0.0,0.0,0.0,0.0024659913502638043
HNSC-TCGA-BA-A8YP-01A-31-A645-42-X030-S12,0.19577748843816087,0.0,0.0,0.07592089318557632,0.022727292942592084,0.02832516112250963,0.0,0.650696600258002,0.0,0.0218129785397351,0.0,0.0,0.0,0.0,0.0,0.004739583240429399
ESCA-TCGA-LN-A4MR-01A-31-A616-42-X005-S10,0.0,0.0,0.09540991369794907,0.0,0.0,0.08643330032523466,0.01625036295313429,0.7158769811548897,0.07884488845516097,0.0,0.0,0.0,0.0,0.0,0.005905461969717919,0.00127908892458136
ESCA-TCGA-LN-A4A2-01A-11-A616-42-X005-S05,0.0,0.0,0.028050672006342776,0.08996926997769338,0.0,0.07495386343492697,0.014981911353526419,0.6977048870998785,0.09071150148810965,0.0,0.0,0.0,0.0,0.0,0.0,0.003627892144248408
ESCA-TCGA-IG-A51D-01A-31-A616-42-X012-S02,0.0,0.0,0.0,0.0,0.0,0.007792174015880682,0.009592107022895124,0.7982107141278688,0.18233377439348172,0.0,0.0,0.0,0.0,0.0,0.00034493365833609344,0.0017262939049052484
LUSC-TCGA-98-A53A-01A-31-A644-42-X034-S01,0.2936273855929473,0.0,0.0,0.09393917990903973,0.06530438712471859,0.0,0.0,0.46725677942287314,0.0,0.07107708948381,0.0,0.008113611606365494,0.000681565137134472,0.0,0.0,0.0
LUSC-TCGA-77-A5G6-01A-31-A644-42-X025-S04,0.3659612377419221,0.0,0.002860347930798442,0.038522340141880544,0.09702922255453743,0.0037771313860403962,0.0,0.4353225175529911,0.0,0.04553844942027547,0.0,0.01094377308483455,0.0,0.0,0.000044978572346948016,0.0
LUSC-TCGA-98-A53J-01A-31-A644-42-X037-S05,0.0,0.0,0.0,0.0,0.0,0.00260880250915305,0.0,0.6828620133375054,0.24169937893808255,0.0728298025388429,0.0,0.0,0.0,0.0,0.0,0.0
ESCA-TCGA-IG-A3YA-01A-31-A616-42-X021-S06,0.0009886212840688352,0.0,0.0,0.0,0.022004396943552863,0.0,0.0,0.7002614828042834,0.27669388820836766,0.0,0.0,0.0,0.0,0.0,0.0,0.00005160790881115135
HNSC-TCGA-H7-A76A-01A-41-A645-42-X037-S07,0.1663916586521773,0.0,0.0,0.0,0.0,0.0,0.0,0.6201239581913351,0.16201170285391447,0.038871376789599094,0.0,0.0,0.0,0.01035681091890662,0.0005265362779584232,0.00171795374935071
CESC-TCGA-EA-A3HS-01A-41-A602-42-X003-S09,0.0,0.0,0.0,0.0,0.0,0.0,0.0,0.967186663386106,0.0,0.0,0.0,0.0,0.0,0.015361098586199579,0.0,0.017452234015354208
LUSC-TCGA-85-A4QR-01A-31-A644-42-X040-S06,0.09834816748411637,0.10919359454708784,0.0,0.0,0.12292387948431155,0.0,0.0,0.6125419650933992,0.0,0.0350224342905297,0.0,0.0,0.0,0.005910996484143303,0.01148257387039727,0.004576386099093581
ESCA-TCGA-LN-A49O-01A-31-A616-42-X008-S08,0.0,0.0,0.0,0.0,0.0,0.03854512582684222,0.0,0.6200011236986581,0.28270050352291215,0.05500360046129861,0.0,0.0,0.0,0.0035073813433199666,0.0,0.00024226227617503746
HNSC-TCGA-CN-A49B-01A-11-A646-42-X040-S11,0.0,0.0,0.0,0.0,0.0,0.0,0.0,0.7374722669124159,0.2551839920500252,0.0,0.0,0.0,0.0,0.0007328523148964764,0.0056228460319396765,0.0009880391804365529
LUSC-TCGA-33-A4WN-01A-31-A644-42-X032-S08,0.0,0.0,0.0,0.0,0.0028210013622922115,0.0,0.0,0.4882769302538782,0.14101910050158895,0.36076788591512327,0.0,0.0,0.0,0.0062496915876132444,0.0,0.0008653879977309561
LUSC-TCGA-J1-A4AH-01A-21-A644-42-X035-S04,0.0,0.0,0.09440492038565948,0.03878305413521292,0.0,0.0620990815525556,0.0,0.4729721700368962,0.033236921977544735,0.2926206880159248,0.0,0.0,0.0,0.0,0.0,0.005883161573387444
CESC-TCGA-EA-A3HT-01A-41-A602-42-X004-S08,0.3262578937067007,0.0,0.0,0.0,0.0,0.0,0.0,0.4659088059545548,0.18817786692049296,0.0,0.0,0.0,0.0,0.014625092211218223,0.005030338884578406,0.0
CESC-TCGA-EA-A3HT-01A-31-A602-42-X004-S10,0.0070175563750810655,0.0,0.0,0.0,0.0,0.0,0.0,0.5966304519802467,0.3787224671656262,0.0,0.0,0.0,0.0,0.007730824708658169,0.009898696703370733,0.0
BLCA-TCGA-CF-A3MI-01A-31-A616-42-X018-S09,0.0,0.32659771847615154,0.011451084079532844,0.0,0.020851451863083122,0.0,0.0,0.574928603346367,0.0,0.0,0.0,0.0,0.0,0.06198225015010338,0.00418888905730823,0.0
BLCA-TCGA-BL-A13J-01A-22-A616-42-X022-S12,0.01016757200766463,0.2409794625561723,0.1740044559534611,0.0,0.022074980646070188,0.0,0.005115186939496231,0.4543298765875891,0.0,0.04878091808946917,0.0,0.004410022116209586,0.0,0.03103229096486457,0.005926880434430352,0.0031783512416799515
BLCA-TCGA-CF-A1HR-01A-31-A615-42-X023-S04,0.0,0.27290562181685096,0.0,0.0,0.10725721733358977,0.0,0.0,0.5204624063827483,0.004575487572597252,0.0,0.0,0.024727404965601607,0.0,0.05905786567870926,0.009409499696226972,0.0016044935042072788
BLCA-TCGA-DK-A1AD-01A-31-A615-42-X013-S06,0.1566791899825588,0.2559787181650313,0.0,0.0,0.05998881341399529,0.0,0.0,0.407745697816508,0.0,0.07468071721636856,0.0,0.002338773457762408,0.005532946409103164,0.0337626547982904,0.0,0.0032924862408306617
BLCA-TCGA-GD-A3OQ-01A-11-A616-42-X009-S04,0.0,0.13364529687733903,0.0,0.0,0.19990425795089356,0.0,0.0,0.5004814534222034,0.060216657469670254,0.0,0.0,0.03240167251795298,0.0,0.06606955576005104,0.007281102856855154,0.0
BLCA-TCGA-CU-A3YL-01A-31-A616-42-X019-S01,0.0,0.33277030799605944,0.09018198351965742,0.0,0.0850350437729558,0.0,0.006450763263241111,0.4145032048133249,0.0,0.0,0.0,0.01225374897302617,0.0,0.05363877799389172,0.005166166945472005,0.0
HNSC-TCGA-CV-A468-01A-31-A644-42-X024-S01,0.0,0.0,0.0,0.0,0.0,0.0,0.0,0.6244054661307598,0.3626359105924078,0.0,0.0,0.0,0.0,0.0,0.0,0.012958619048570909
BLCA-TCGA-GV-A3JW-01A-31-A616-42-X006-S09,0.07731060379602771,0.2555688985168547,0.0,0.0,0.11937084946471437,0.0,0.0,0.3804277452337848,0.0,0.11635667720007288,0.0,0.020121874929671567,0.0,0.025608252563756942,0.002940108047729545,0.002294987474729257
LUSC-TCGA-XC-AA0X-01A-11-A645-42-X024-S06,0.0,0.0,0.0,0.0,0.0,0.0,0.0,0.6890094552144292,0.09618460023100228,0.07529976972594549,0.0,0.047280052317455294,0.0,0.0,0.06913313643419505,0.02309298092451878
LUAD-TCGA-MP-A4TF-01A-22-A646-42-X031-S05,0.0,0.11432877689192435,0.21023891090556954,0.0,0.0,0.0389015632178496,0.0,0.2859884979928289,0.09724122596194404,0.0,0.0,0.0,0.0,0.07703229621928356,0.1695072009589188,0.0067615222404470605
STAD-TCGA-BR-A4QL-01A-11-A644-42-X028-S06,0.0,0.0,0.31864534603206973,0.19769842636218074,0.0,0.09494557370478993,0.0,0.0,0.3775840024864207,0.0,0.0,0.0,0.011126649230309779,0.0,0.0,0.0
BRCA-TCGA-A2-A0EV-01A-31-A615-42-X020-S10,0.0,0.0,0.31065667688074033,0.270056535669424,0.0017961746478449012,0.03737737945160731,0.0,0.0,0.3516837984471193,0.0,0.0,0.0,0.025685636024732318,0.0,0.0,0.0027437967635115675
BRCA-TCGA-A2-A0ET-01A-11-A615-42-X005-S04,0.0,0.11341443485207417,0.1569873723894312,0.1200183496182648,0.07965265968583184,0.009626184851198698,0.0,0.0,0.3504689977804501,0.16289892679590856,0.0,0.0,0.003766357425721967,0.0006032349912697079,0.0,0.0025634794834484085
BRCA-TCGA-A2-A0T6-01A-31-A615-42-X007-S05,0.0,0.0,0.3155918230232857,0.24959321317459057,0.0,0.0675408059697203,0.0,0.0,0.33639241862960667,0.0,0.0,0.005151818298638329,0.02572991885603437,0.0,0.0,0.0
ESCA-TCGA-LN-A4A5-01A-11-A616-42-X007-S06,0.058269346420876875,0.016319320521516766,0.0,0.0,0.0,0.13103874299707052,0.0,0.3253905004652781,0.4457351907453784,0.010742402532817545,0.0,0.0,0.0,0.0,0.008304828610705207,0.004199664749263981
CESC-TCGA-EA-A3HT-01A-21-A602-42-X004-S09,0.0739886016450876,0.0,0.0,0.0,0.0,0.0,0.0,0.36394564174046967,0.44914759680058447,0.09178639523153168,0.003542809506540142,0.0,0.0,0.013230245600509068,0.00325931191655468,0.0010993943743568436
LUSC-TCGA-85-A4JB-01A-21-A645-42-X031-S10,0.0,0.0,0.09848946253842591,0.0,0.0,0.11520939195084291,0.0,0.23673766039017735,0.34844747822909916,0.19773343443301322,0.0,0.0,0.0,0.0,0.002766496793647091,0.0006160731448245968
ESCA-TCGA-IG-A4P3-01A-31-A616-42-X023-S11,0.0,0.0,0.08320655071978901,0.09127969715267271,0.0,0.0,0.0,0.2342334533361043,0.40903620825216686,0.1730394196632335,0.0,0.0,0.0032409560909397277,0.0,0.0,0.005963711541834415
LUSC-TCGA-63-A5MR-01A-21-A644-42-X038-S06,0.0,0.0,0.0,0.0,0.0,0.0,0.0,0.0,0.46535318822567956,0.442066735502445,0.0,0.019809260792041514,0.0,0.0,0.06740230955889162,0.005368502198921238
LUSC-TCGA-O2-A52N-01A-31-A644-42-X030-S10,0.0,0.0,0.0,0.0,0.032459840178077334,0.0,0.0,0.0,0.6154795092109897,0.2018766825907625,0.0,0.024592817977326365,0.0,0.0012300592860688276,0.11429720121658182,0.010063884329839524
LUSC-TCGA-85-A50M-01A-31-A646-42-X028-S09,0.0,0.0,0.0,0.0,0.03223052010928651,0.0,0.0,0.0,0.577380604705134,0.10481735692028109,0.0,0.09371565921792659,0.008242161836151573,0.0,0.1798690966475171,0.0037445948852919604
LUAD-TCGA-93-A4JO-01A-12-A646-42-X040-S01,0.0,0.0,0.0,0.0,0.10709172909379824,0.0,0.0,0.0,0.41851322224048854,0.34911166948602707,0.0,0.0,0.0,0.007509511062545673,0.11318308052619926,0.004590783417082028
STAD-TCGA-BR-A4J6-01A-31-A646-42-X028-S05,0.0,0.0,0.0,0.0,0.0,0.0803065672593718,0.01643182143915824,0.19902248546554735,0.5284470406797044,0.0,0.0,0.0,0.0,0.12565604424018093,0.050136035430364656,0.0
LIHC-TCGA-BC-A10X-01A-31-A645-42-X028-S12,0.0,0.0,0.0,0.0,0.0,0.0,0.0,0.0,0.5613310982533842,0.0,0.0,0.0,0.4378271212321171,0.0,0.0,0.0008417746092652088
LIHC-TCGA-LG-A9QD-01A-21-A646-42-X038-S02,0.0,0.0,0.0,0.0,0.0,0.0,0.0,0.0,0.5359433569903262,0.0,0.0,0.0,0.4640566370937097,0.0,0.0,0.0
LUAD-TCGA-93-A4JQ-01A-22-A646-42-X035-S05,0.0,0.0,0.0,0.0,0.0,0.0,0.0,0.06828175377931701,0.54399778105316,0.18790444749631505,0.0,0.0,0.0,0.011319106199036151,0.17831647299527298,0.010180432448338229
HNSC-TCGA-KU-A6H7-06A-11-A644-42-X041-S05,0.0,0.0,0.0,0.0,0.0,0.0,0.0,0.41400497303981715,0.4264483057870131,0.13200811445989205,0.0,0.0,0.0,0.0,0.0,0.027538601267300743
LUAD-TCGA-86-A4P8-01A-31-A644-42-X028-S01,0.0,0.0,0.0,0.0,0.0,0.0,0.0,0.0,0.5327874954849222,0.0,0.0,0.1595678236875991,0.0,0.0,0.3076446735605255,0.0
MESO-TCGA-LK-A4O6-01A-31-A646-42-X039-S01,0.0,0.0,0.0,0.0,0.15958870809413586,0.0,0.011148891469296183,0.0,0.4313677145918032,0.0,0.0,0.18214001106889777,0.019978367601544002,0.0,0.18484765954152327,0.010928641136429646
ESCA-TCGA-IG-A4QS-01A-31-A616-42-X006-S02,0.0,0.0,0.0,0.07921505090323422,0.0,0.0,0.026200301110346727,0.13034481568341869,0.27000185591052406,0.1897164320952057,0.16463547345341217,0.0,0.0,0.12178040831629322,0.0083887785710628,0.0097168788117141
CHOL-TCGA-W7-A93N-01A-21-A617-42-X005-S03,0.13006072995789894,0.0,0.0,0.1431212771629632,0.0,0.0,0.08122591869816317,0.03895623277777648,0.22526591852600136,0.1904094690062709,0.0,0.0,0.0,0.15327678764146435,0.02582680133435808,0.011856859828470843
TGCT-TCGA-4K-AA1I-01A-31-A644-42-X026-S11,0.0,0.0,0.0,0.0,0.0,0.0,0.0,0.0,0.008123920786402464,0.991876077495105,0.0,0.0,0.0,0.0,0.0,0.0
TGCT-TCGA-XE-AAOF-01A-31-A646-42-X035-S11,0.0,0.0,0.0,0.0,0.0,0.0,0.0,0.0,0.017205837042687057,0.9827941612255563,0.0,0.0,0.0,0.0,0.0,0.0
TGCT-TCGA-2G-AAH8-01A-31-A644-42-X034-S04,0.0,0.0,0.0,0.0,0.0,0.0,0.0,0.0,0.0,0.9999999982130742,0.0,0.0,0.0,0.0,0.0,0.0
TGCT-TCGA-XE-AAOD-01A-31-A646-42-X027-S05,0.0,0.0,0.0,0.0,0.0,0.0,0.0,0.0,0.0,0.9980040428325235,0.0,0.0,0.0,0.0,0.0,0.001995955284639602
TGCT-TCGA-2G-AAFM-01A-31-A644-42-X025-S03,0.030047760151932872,0.0,0.0,0.02104721333347425,0.0,0.0,0.014958374671589508,0.02982455007663236,0.011373009207759372,0.8876629278411395,0.0015634297550256831,0.0023546027911420945,0.0,0.0,0.0011174114511518908,0.00005071899418223496
TGCT-TCGA-2G-AAFO-01A-21-A644-42-X041-S09,0.022075542528096275,0.0,0.0,0.0,0.0,0.0,0.014799093280713646,0.05161465846977439,0.0,0.9041664939064754,0.0,0.0073442099370392006,0.0,0.0,0.0,0.0
TGCT-TCGA-2G-AAKG-05A-22-A646-42-X024-S09,0.0,0.0,0.0,0.0,0.0,0.0,0.0,0.0,0.06750621023521947,0.9291775506685551,0.0,0.0,0.0,0.0,0.0,0.0033162371091296377
TGCT-TCGA-2G-AAGS-01A-31-A644-42-X028-S07,0.044907386783842554,0.011618593447238557,0.18395249059628793,0.1961201370567783,0.0,0.009315854476869464,0.03142295964887821,0.023375897580586395,0.0381766618901383,0.4454031398396281,0.0,0.013363352267870693,0.0,0.0,0.0,0.002343524905166212
ESCA-TCGA-IG-A7DP-01A-21-A616-42-X016-S01,0.0,0.0,0.0,0.0,0.0,0.0,0.0,0.0,0.33398039390166534,0.6484688171331574,0.0,0.0,0.0,0.0,0.0,0.01755078537995162
STAD-TCGA-BR-A4J4-01A-31-A646-42-X025-S07,0.0,0.0,0.0,0.0,0.0,0.0,0.11960693395922267,0.0,0.259194806725849,0.40597891087429444,0.08882312970273518,0.0,0.015589563519094018,0.10832651430237716,0.0,0.0024801367498257215
COAD-TCGA-NH-A6GC-01A-31-A615-42-X018-S06,0.0,0.0,0.0,0.02118082327943992,0.03876495952332955,0.0,0.0,0.0,0.29095694642310715,0.33167101093515616,0.28924865625884344,0.0,0.0,0.01972131816438993,0.0,0.008456282010850552
LUAD-TCGA-L9-A8F4-01A-22-A602-42-X002-S03,0.0,0.12458426576951105,0.0,0.0,0.03331816848250847,0.0,0.0,0.0,0.30889105238735787,0.3917907552395959,0.0,0.000498703168294208,0.0,0.005946340506844445,0.12995054985107368,0.005020160439661883
COAD-TCGA-AA-A01P-01A-32-A616-42-X006-S03,0.0,0.0,0.0,0.017452302960901795,0.0,0.008859338475749462,0.025199091762722,0.0525431036144478,0.18340123297664998,0.38462427403518334,0.20523327483409484,0.0,0.0,0.11917394916123569,0.0035134280496169163,0.0
LIHC-TCGA-DD-AACL-01A-31-A646-42-X034-S12,0.0,0.0,0.0,0.0,0.0,0.012145894613116336,0.0,0.017080686454158986,0.3072766956526312,0.39598546994665734,0.0,0.0,0.24823825333230284,0.0,0.019272995567004927,0.0
LIHC-TCGA-DD-AACB-01A-21-A646-42-X035-S09,0.0,0.0,0.0,0.0,0.0,0.11278981856715146,0.0,0.0,0.08612289792870438,0.4125418065908138,0.04740804892899014,0.0,0.3273273182482075,0.004720687601540579,0.001203919610265375,0.007885497628558932
LUAD-TCGA-91-A4BC-01A-22-A646-42-X038-S11,0.12617470300023317,0.0,0.0,0.0,0.0,0.0,0.0,0.0,0.24403841754866407,0.37834500813284755,0.047240039750018906,0.0,0.03275943339916823,0.0,0.17144239341298867,0.0
LUAD-TCGA-86-A4P7-01A-22-A646-42-X036-S09,0.0,0.039951741863094206,0.0,0.0,0.2224968749225093,0.09767611450953373,0.0,0.0,0.05649900611919167,0.3246778973949256,0.03381886524905507,0.0,0.0,0.0,0.22423266646997103,0.0006468285886676295
STAD-TCGA-D7-A6EZ-01A-31-A644-42-X024-S05,0.0,0.0,0.0,0.0,0.0,0.32024204655067945,0.0,0.0,0.03937661478395109,0.33646016136565343,0.11105356883168545,0.0,0.05638617390995766,0.11264766934001459,0.0,0.023833759746905065
STAD-TCGA-VQ-A94O-01A-31-A645-42-X031-S11,0.0,0.0,0.0,0.0,0.0034481752140306395,0.0,0.0,0.0,0.25767343467441456,0.3707638067644104,0.0,0.0,0.0,0.359565946255659,0.0,0.00854862965651994
COAD-TCGA-QG-A5YV-01A-31-A616-42-X007-S08,0.11337702333916255,0.0,0.0,0.0,0.044731769460173335,0.0,0.005831686043342907,0.0,0.0,0.0,0.8343729110114136,0.0016866069019837854,0.0,0.0,0.0,0.0
COAD-TCGA-AA-A01S-01A-41-A616-42-X007-S04,0.11188538648506423,0.0,0.0,0.0,0.0,0.0,0.0,0.0,0.0,0.0,0.8856314466785407,0.0,0.002483163300678978,0.0,0.0,0.0
COAD-TCGA-AY-A69D-01A-31-A617-42-X012-S09,0.0,0.0,0.0,0.0,0.0,0.0,0.0,0.0,0.0,0.0,0.9949900822962447,0.0,0.0,0.0,0.001365313434450628,0.003644600036198776
COAD-TCGA-NH-A8F7-01A-31-A617-42-X007-S03,0.0,0.0,0.01335612142079097,0.042513140032540794,0.0,0.0,0.03288803094931554,0.0,0.0,0.0,0.8904489881474503,0.0,0.020142694926118938,0.0,0.0,0.000651020724191384
COAD-TCGA-AA-A00Q-01A-22-A616-42-X020-S09,0.0,0.0,0.0,0.0,0.0,0.0,0.0,0.0,0.06667479991564287,0.08930166438645257,0.834779454313969,0.0,0.0,0.008267578922780492,0.0,0.0009764988895507706
COAD-TCGA-AA-A00W-01A-22-A616-42-X007-S12,0.0,0.0,0.027602034190201453,0.0,0.0,0.0,0.013372213257848304,0.0,0.010799257781599483,0.0033547342599786717,0.9351933858786218,0.0,0.0,0.0008020936494819067,0.003094065103595542,0.005782211839025472
COAD-TCGA-QL-A97D-01A-31-A617-42-X013-S08,0.2344204779507526,0.0,0.0,0.0,0.0,0.0,0.0,0.0,0.0,0.0,0.7547091937665708,0.0,0.0,0.008365258653219214,0.0019003149055959554,0.0006047514002468548
COAD-TCGA-QG-A5YX-01A-31-A616-42-X016-S03,0.0,0.0,0.0,0.0,0.0,0.0,0.0,0.0,0.0,0.0,0.9853771584593347,0.0,0.0,0.0077331078919456895,0.0,0.006889729268294484
COAD-TCGA-AA-A024-01A-51-A602-42-X004-S03,0.0,0.03349771147978681,0.0,0.0,0.0,0.0,0.0,0.02908649598819649,0.0,0.0,0.9022006013809635,0.001209018385764634,0.0,0.033863611703853096,0.00014255700508673778,0.0
COAD-TCGA-NH-A50U-01A-11-A616-42-X006-S05,0.1827078398159249,0.010297083506898114,0.0,0.0,0.0,0.0,0.0038404452355510097,0.03331665895378361,0.0,0.030578625308605677,0.7259117468629007,0.0,0.0,0.012075856547817846,0.0012717405034020932,0.0
COAD-TCGA-AY-A54L-01A-31-A616-42-X016-S05,0.12416005022577689,0.0,0.03666048513366218,0.0641749800818129,0.0,0.030561177935542524,0.0,0.0,0.010845153400404687,0.0549339237538955,0.6634519530295296,0.0,0.005043517903562908,0.008788137398696227,0.0,0.0013806181379352927
COAD-TCGA-AA-A010-01A-61-A602-42-X003-S07,0.32030843434673506,0.0,0.0,0.0,0.07290816175070554,0.0,0.0,0.031248603700601504,0.0,0.025133999763793935,0.5496420188314372,0.0,0.0,0.0,0.0,0.0007587790723729504
COAD-TCGA-AA-A02E-01A-41-A616-42-X022-S08,0.0,0.0,0.0,0.0,0.0,0.0,0.0,0.016721419931712146,0.0,0.0,0.9374875076215465,0.0,0.0,0.04445081122440102,0.0,0.0013402568467597493
COAD-TCGA-DM-A28G-01A-31-A615-42-X013-S11,0.0,0.0,0.0,0.0,0.0,0.017421679649108145,0.016577500077225183,0.09278816249742251,0.0,0.0,0.8581046832657085,0.0,0.0,0.0,0.012209292391538498,0.002898678077490671
COAD-TCGA-AY-A71X-01A-22-A617-42-X009-S08,0.0,0.0,0.0,0.0,0.03057509538655999,0.0,0.0,0.0,0.0,0.0,0.9160014801156261,0.0,0.0,0.051822436090426846,0.0,0.001600984023714228
COAD-TCGA-AA-A02F-01A-41-A616-42-X019-S07,0.2472868194546908,0.0,0.03319024994476176,0.0,0.0,0.0,0.00909406725505059,0.028676288154455283,0.002557094320045185,0.0,0.6607192653553806,0.0,0.004433271156984305,0.0,0.01114013855578479,0.002902802622445062
COAD-TCGA-AA-A010-01A-22-A602-42-X004-S07,0.29440709498117645,0.0,0.02961117712629747,0.04707616832706138,0.11166092928798889,0.0,0.0,0.012023921465992602,0.0,0.010956166357209206,0.4928265562978322,0.0,0.0,0.0,0.0,0.001437983743238998
COAD-TCGA-NH-A8F8-01A-61-A602-42-X002-S04,0.0,0.0,0.0,0.0,0.0,0.0,0.009419569906006255,0.06819503373654992,0.01721257723539458,0.0,0.8678090689195107,0.0,0.005551874799629071,0.009681577356763288,0.018470834989617546,0.0036594587922663814
COAD-TCGA-A6-A567-01A-11-A616-42-X023-S14,0.0,0.0,0.0,0.0,0.23317089820356576,0.0,0.005075279133434277,0.0,0.06662781311765105,0.030904310897700234,0.6435032993951878,0.005277727139785358,0.0024164256129684896,0.013024243307137856,0.0,0.0
COAD-TCGA-AA-A010-01A-41-A602-42-X002-S05,0.33482965542720744,0.0,0.0,0.004269951417552749,0.10056993935537036,0.0,0.0,0.0178787287842882,0.0,0.03180425272212518,0.5077469864116652,0.0,0.0,0.0,0.0,0.0029004833551436685
COAD-TCGA-AA-A01D-01A-41-A616-42-X010-S12,0.0,0.0,0.02725330793771913,0.0,0.20629371981340797,0.0,0.0,0.0,0.013216727175357166,0.024127048648639453,0.6962474998646874,0.005275854736716,0.0012277931596957727,0.026358045189938683,0.0,0.0
COAD-TCGA-SS-A7HO-01A-31-A617-42-X010-S02,0.10885382599362363,0.0,0.0,0.06597786263936531,0.038539661307607304,0.025143033523518335,0.005596882533752086,0.0,0.0,0.13693480575568726,0.5790708033552916,0.011490492225895734,0.028392629721571947,0.0,0.0,0.0
COAD-TCGA-A6-A56B-01A-11-A616-42-X021-S12,0.0,0.0,0.09822089916348044,0.0,0.19101559335908888,0.0,0.0,0.0,0.0012638476039054055,0.009828315272322316,0.6668079673049788,0.0,0.0,0.03286337390647186,0.0,0.0
COAD-TCGA-AY-A8YK-01A-31-A617-42-X022-S02,0.0,0.0,0.03022713023684219,0.0,0.20383126189929132,0.0,0.0,0.0,0.0,0.020871796409706253,0.7148132984407313,0.0,0.0,0.026306761922203794,0.0,0.00394974739750163
COAD-TCGA-AD-6889-01A-22-A617-42-X015-S01,0.11583548936175213,0.0,0.0,0.0,0.12482550609496607,0.0,0.0,0.0,0.0,0.0,0.7139393524089449,0.0,0.0,0.045399648398597496,0.0,0.0
COAD-TCGA-AA-A024-01A-41-A602-42-X001-S04,0.0,0.0,0.0,0.0,0.007145571570999608,0.0,0.0,0.002728453294932679,0.0971484699564637,0.0,0.8351198731829746,0.0,0.0,0.05785762760553722,0.0,0.0
COAD-TCGA-AA-A00L-01A-22-A616-42-X012-S10,0.0,0.0,0.0,0.0,0.0,0.0,0.0,0.0,0.0,0.0,0.9792375090151747,0.0,0.0028738053101213376,0.0,0.0,0.017888680520117217
COAD-TCGA-A6-A566-01A-31-A616-42-X023-S08,0.0,0.0,0.0,0.0,0.0033676754983749816,0.0,0.018134664634136693,0.0,0.21843608468556833,0.06420765774118542,0.6705746661146628,0.0,0.0028378420435021126,0.022439386962141556,2.0187015589038373e-6,0.0
COAD-TCGA-3L-AA1B-01A-31-A617-42-X011-S11,0.0,0.00844262836529062,0.0,0.05492480024915242,0.0,0.0,0.04510552758774757,0.0,0.16154810450404583,0.020577564476703482,0.6936911111744959,0.0,0.0,0.0,0.009020102258771022,0.006690157512943544
ESCA-TCGA-IC-A6RE-01A-31-A616-42-X020-S04,0.0,0.0,0.0,0.0,0.0,0.0,0.05570962195265181,0.0,0.0,0.02647372287250909,0.8255220514916889,0.0,0.02723430444821521,0.0640799756823219,0.0,0.0009803187292836142
COAD-TCGA-AA-A00E-01A-22-A616-42-X014-S07,0.0,0.0,0.0,0.0,0.0,0.0,0.0,0.0,0.0532498809796662,0.0,0.8577505571483909,0.0,0.0,0.08131918898213748,0.0,0.0076803678245662525
COAD-TCGA-4N-A93T-01A-31-A617-42-X021-S05,0.0,0.0,0.0,0.0,0.0,0.0,0.0,0.0,0.014909977839374757,0.0,0.9135146905608454,0.0,0.0,0.0479375381129049,0.002730703943872112,0.0209070836826797
COAD-TCGA-AA-A00J-01A-32-A616-42-X019-S06,0.0,0.08501238723550916,0.0,0.0,0.08766658633931564,0.05233415450730138,0.0,0.0,0.0,0.0,0.6829601195765459,0.0,0.0,0.09202674782321697,0.0,0.0
COAD-TCGA-NH-A5IV-01A-21-A616-42-X011-S04,0.0,0.05253350552052528,0.0,0.0,0.014221843109145258,0.0,0.0,0.0,0.07772221077349117,0.07735424618031238,0.7215380352320749,0.0,0.0,0.042030637874269104,0.0,0.014599516469220022
COAD-TCGA-NH-A6GA-01A-31-A615-42-X009-S12,0.0,0.0,0.0,0.0,0.0,0.0,0.04942941195575521,0.10150230734402747,0.036294403828784835,0.0,0.7137682915063278,0.0,0.0,0.07121339321348968,0.018349618773498888,0.009442568120347538
COAD-TCGA-AA-A01R-01A-41-A616-42-X018-S04,0.2717458800896279,0.16028405825263708,0.0,0.0,0.023611550980526353,0.0,0.0,0.0,0.0,0.1423723695548707,0.3697099004417852,0.0,0.0,0.02650743396678426,0.0,0.005768803962178702
COAD-TCGA-AA-A022-01A-32-A616-42-X017-S08,0.0,0.0,0.12442793971659309,0.0,0.0,0.018838881379231016,0.020283960998805542,0.041921751592295796,0.00756293809765395,0.1084207205664417,0.5556293065914291,0.0,0.0,0.11545814782197844,0.0,0.007456348133238657
COAD-TCGA-A6-A565-01A-11-A616-42-X015-S04,0.0,0.0,0.0,0.10354650769540752,0.0,0.0649223858309884,0.0,0.06693820510611961,0.3351742472925189,0.004133799567554124,0.36834234462735893,0.0,0.0,0.04967924482705949,0.007263261399581842,0.0
STAD-TCGA-BR-A4J1-01A-31-A646-42-X029-S06,0.0,0.0,0.0,0.0,0.0,0.0,0.053483342495989405,0.0,0.0,0.29916186577727555,0.45911815495281433,0.0,0.070201286628359,0.09332907024338842,0.0,0.024706273508275402
THCA-TCGA-BJ-A0Z3-01A-31-A645-42-X031-S03,0.0,0.0,0.0,0.0,0.0,0.0,0.0,0.022101439824557072,0.02403644472804107,0.0,0.0,0.9525824878843108,0.0,0.0005814503590885748,0.00029500799776945784,0.00040316566597346825
THCA-TCGA-BJ-A0Z5-01A-31-A645-42-X030-S09,0.0,0.0,0.0,0.0,0.0,0.0,0.0,0.0039654597088966195,0.0,0.0,0.0,0.982582015371653,0.0,0.0,0.013452521253107716,0.0
THCA-TCGA-DJ-A13X-01A-31-A645-42-X042-S08,0.0,0.0,0.0,0.0,0.0,0.0,0.0,0.0,0.0,0.0,0.0,0.9952145583701592,0.0,0.0,0.004785437895286088,0.0
THCA-TCGA-DJ-A13M-01A-31-A645-42-X025-S10,0.0,0.0,0.11317672856013813,0.01537188582882852,0.043054628151749076,0.0,0.0,0.0,0.0,0.02582643830671508,0.0,0.8015404055067985,0.0010299106123792606,0.0,0.0,0.0
THCA-TCGA-BJ-A0Z0-01A-31-A645-42-X024-S10,0.0,0.0,0.0,0.06281679354574121,0.046740325186123935,0.0,0.0,0.0,0.0,0.01910513060824697,0.0,0.8673752970418559,0.003962450312779508,0.0,0.0,0.0
THCA-TCGA-DJ-A13V-01A-22-A644-42-X035-S06,0.0,0.0,0.0,0.0,0.0,0.0,0.0,0.029194506498018684,0.0,0.0,0.0,0.9583810371782083,0.0,0.0,0.012424452660204416,0.0
THCA-TCGA-BJ-A0ZA-01A-31-A645-42-X041-S06,0.0,0.0,0.0,0.04055787593444274,0.07404079818354126,0.0,0.0,0.0,0.0,0.02472708644547455,0.0,0.8561829033130206,0.00449133282551872,0.0,0.0,0.0
THCA-TCGA-BJ-A0Z2-01A-31-A645-42-X028-S08,0.0,0.0,0.022416085102850494,0.10395649330371333,0.059925845532544195,0.0,0.0,0.0,0.0,0.028816703565107325,0.0,0.7836727580211414,0.001212111446076495,0.0,0.0,0.0
THCA-TCGA-BJ-A290-01A-31-A644-42-X032-S11,0.1201756535373812,0.0,0.0,0.00803562377797817,0.0,0.03315349316191965,0.0,0.006593516251172321,0.003828046237570881,0.05235551360014983,0.006665822860157279,0.7667586806609759,0.0,0.0,0.0,0.0024336468062334865
THCA-TCGA-BJ-A3PU-01A-22-A644-42-X027-S07,0.0,0.0,0.0,0.0,0.0,0.0,0.0,0.003181514513667307,0.0,0.0,0.0,0.9671797585231642,0.0,0.0,0.02624018864396208,0.003398534326520852
THCA-TCGA-CE-A13K-01A-31-A645-42-X026-S04,0.0,0.0,0.14864319014189062,0.07773516937861243,0.0,0.04565604592741818,0.025954756874572396,0.0,0.041051119561855594,0.0,0.0,0.6577791063633244,0.0028967199206280767,0.0,0.0002838891161296362,0.0
THCA-TCGA-BJ-A0ZC-01A-31-A645-42-X036-S03,0.0,0.0,0.0,0.14861089614172576,0.11997019783088331,0.0,0.023739278594509142,0.0,0.0,0.06375995722104408,0.0,0.6379097399419561,0.006009927467055092,0.0,0.0,0.0
THCA-TCGA-BJ-A192-01A-21-A644-42-X033-S02,0.0,0.01872887730068541,0.0,0.10758457417342812,0.06657988060380994,0.0,0.06046084727202781,0.0,0.0,0.0,0.0,0.7316912349057559,0.0038644918854580535,0.0,0.0,0.011090090077168288
THCA-TCGA-4C-A93U-01A-31-A645-42-X029-S05,0.0,0.0,0.0,0.0,0.0,0.0,0.00560127128164544,0.015017828621434389,0.0,0.0,0.0,0.9124222526265586,0.0,0.0,0.05654908849266708,0.010409554230558478
LIHC-TCGA-G3-AAV0-01A-21-A644-42-X030-S06,0.0,0.0,0.0,0.0,0.0,0.0,0.0,0.0,0.0,0.0,0.0,0.0,0.999999990342538,0.0,0.0,0.0
LIHC-TCGA-BC-A3KF-01A-31-A644-42-X029-S04,0.0,0.0,0.0,0.0,0.0,0.0,0.030870590620686245,0.0,0.025284306805070152,0.0,0.0,0.01283920673910974,0.9310058867636463,0.0,0.0,0.0
LIHC-TCGA-BC-A10T-01A-31-A645-42-X037-S08,0.0,0.0,0.0,0.0,0.0,0.0,0.0,0.0,0.0,0.0,0.0,0.0,0.999999990144068,0.0,0.0,0.0
LIHC-TCGA-CC-A7IF-01A-31-A646-42-X027-S06,0.0,0.0,0.0,0.0,0.0,0.0,0.0,0.0,0.0,0.0,0.0,0.0,0.9809191388521092,0.0,0.0,0.01908085073679744
LIHC-TCGA-BC-A10S-01A-31-A645-42-X024-S02,0.0,0.0,0.0,0.0,0.0,0.0,0.0,0.0,0.3739934288545855,0.0,0.0,0.0,0.6246048666938423,0.0,0.0,0.001401697575782612
LIHC-TCGA-BC-A8YO-01A-31-A645-42-X041-S01,0.27759600840474447,0.0,0.0,0.07094671552117204,0.05125324424335569,0.025977616497811776,0.07012792196949355,0.0,0.0,0.0,0.0,0.0,0.4831502836170107,0.02091686200956986,0.0,0.00003134239525229758
LIHC-TCGA-BC-A10U-01A-31-A645-42-X026-S02,0.32418617429339514,0.0,0.13342739149184743,0.02614477745221348,0.0,0.016425814611223152,0.05952386483352599,0.0,0.0,0.0,0.0,0.0,0.4274964486056363,0.010097083852234533,0.0026984401301449177,0.0
LIHC-TCGA-DD-AACI-01A-21-A646-42-X036-S08,0.0,0.06807900422947406,0.0,0.0,0.0,0.0,0.0,0.0,0.0,0.0,0.0,0.0,0.8546877709876779,0.06773771270773048,0.009495502604889426,0.0
LIHC-TCGA-BC-A5W4-01A-31-A645-42-X033-S05,0.28613853203129186,0.0,0.0,0.09122608681484784,0.06641966480742205,0.0,0.0,0.0,0.0,0.0,0.007909658859537006,0.0068937320140669365,0.5309929012553721,0.0,0.0,0.010419418284559527
LIHC-TCGA-CC-A123-01A-22-A645-42-X032-S07,0.0,0.0,0.12442849064315284,0.14381720613608362,0.03795967443194481,0.0,0.0,0.0,0.0,0.3243091248062418,0.0,0.0,0.3655456480204598,0.0023310799436293875,0.0,0.001608771799806221
LIHC-TCGA-DD-AAC8-01A-21-A646-42-X025-S06,0.0,0.07349006138223511,0.005733710108990855,0.14853874977163736,0.03010120695770599,0.2717881931566693,0.0,0.0,0.0,0.0,0.03962319941575733,0.0,0.4231782284833448,0.0,0.007546645748263016,0.0
LIHC-TCGA-LG-A9QC-01A-31-A645-42-X031-S08,0.0,0.0,0.0,0.0,0.000929435813087799,0.0,0.0,0.0,0.48113948523491146,0.0,0.0,0.0,0.5063771040157085,0.0,0.00603883582104282,0.005515132240426857
LIHC-TCGA-BC-A10W-01A-31-A645-42-X042-S04,0.0188485378472048,0.0,0.26349017174370326,0.02541700995531679,0.02217437575583881,0.13168161671968348,0.1046790688157921,0.0,0.002267549839206398,0.12499761788512763,0.0,0.0,0.27190626230177795,0.031390338034585956,0.0031474472488019108,0.0
STAD-TCGA-BR-A4J5-01A-31-A646-42-X037-S09,0.0,0.0,0.0,0.0,0.1812019928121152,0.0,0.0,0.0,0.12229884664001807,0.0,0.0,0.0,0.0,0.6719948276374024,0.0,0.024504320083844858
STAD-TCGA-BR-A4J9-01A-31-A646-42-X030-S04,0.0,0.0,0.0,0.0,0.0,0.0,0.0,0.01192359262049218,0.4828610901112598,0.0,0.0,0.0,0.0,0.505215307552597,0.0,0.0
STAD-TCGA-HF-A5NB-01A-31-A644-42-X026-S07,0.0,0.0,0.0,0.0,0.0,0.0,0.0,0.0012498872361483792,0.0,0.0,0.48446853126416617,0.0,0.0,0.5012570795440786,0.0,0.013024490569870094
STAD-TCGA-BR-A452-01A-41-A644-42-X039-S10,0.0,0.0,0.0,0.0,0.0877907023573111,0.0,0.0,0.0,0.0,0.0,0.39814607565482363,0.0,0.0,0.4888873286607025,0.0,0.025175882216444862
STAD-TCGA-CD-A48C-01A-31-A646-42-X024-S08,0.0,0.0,0.19896044237236313,0.0,0.0,0.13583944729188074,0.02760748394683276,0.18103730570856272,0.0,0.008381413135633774,0.13203232169546386,0.0,0.008688950838303918,0.29012663613058437,0.013880487786629451,0.0034455043975390415
STAD-TCGA-VQ-A8PJ-01A-31-A645-42-X042-S05,0.0,0.0,0.0,0.0,0.0,0.0,0.0,0.18379919355472749,0.0,0.006655669558864854,0.35797358226821047,0.0,0.04819305198340392,0.3857124236021219,0.0176660700337098,0.0
LUAD-TCGA-44-6146-01A-41-A602-42-X003-S11,0.0,0.05718113427519846,0.0,0.0,0.16883470702153192,0.0,0.0,0.0,0.0,0.0,0.0,0.07197914383971075,0.0,0.540648720005926,0.14241405248785288,0.018942229741402843
STAD-TCGA-BR-A4J2-01A-11-A646-42-X036-S11,0.0,0.0,0.0,0.0,0.4652058908962688,0.0,0.0,0.0,0.0,0.0,0.0,0.0,0.0,0.4815899964804052,0.0,0.05320410079138369
STAD-TCGA-VQ-A91E-01A-11-A646-42-X035-S12,0.0,0.0,0.0,0.0,0.0,0.022219091564344855,0.0,0.0,0.0,0.428209525156936,0.0,0.0,0.0,0.4884783251689366,0.0,0.06109304554351547
ESCA-TCGA-L5-A4OE-01A-31-A616-42-X015-S05,0.0,0.0,0.0,0.0,0.0,0.0,0.0,0.14174761106449035,0.0,0.0,0.3312652044426836,0.0,0.0,0.4614250539503607,0.0,0.06556211631570354
CHOL-TCGA-ZH-A8Y7-01A-31-A617-42-X009-S05,0.0,0.0,0.0,0.0,0.0,0.07141984436701922,0.17251610211820947,0.0,0.0,0.01565815145931961,0.0,0.0,0.0,0.5932035046237915,0.0,0.14720237680323678
LUAD-TCGA-NJ-A4YG-01A-12-A646-42-X030-S03,0.0,0.0,0.0,0.0,0.0,0.0,0.0,0.0,0.47052644876003447,0.0,0.00294258179868077,0.0,0.0,0.020078950876355247,0.5021591196921622,0.004292888718726303
LUAD-TCGA-L4-A4E6-01A-22-A602-42-X003-S02,0.0,0.0,0.0,0.0,0.0,0.0907201596003947,0.0,0.06960089460935513,0.1972516922000405,0.0,0.0,0.0,0.0,0.0,0.6200576984435547,0.0223695425894044
LUAD-TCGA-MP-A4SV-01A-22-A602-42-X004-S01,0.2757732152127625,0.21132870092438458,0.0,0.0,0.0,0.0,0.0,0.057640664967345684,0.0,0.0,0.07289655223620023,0.0,0.0,0.0,0.37174188929472346,0.010618969772117402
LUAD-TCGA-91-A4BD-01A-22-A646-42-X037-S01,0.0,0.0,0.0,0.0,0.24762228077668397,0.0,0.03816718260898597,0.0,0.01826419041568554,0.0,0.0,0.2422997492968337,0.00038616307052739065,0.0,0.4423602728560445,0.010900151857028197
LUAD-TCGA-44-A47F-01A-22-A602-42-X004-S02,0.0,0.054632849366220274,0.2703101724294085,0.0,0.21284797229191704,0.0,0.0,0.07489352849962755,0.0,0.0,0.03171974361416564,0.002358130246965538,0.01833908032382525,0.014993594730387647,0.31990492179188795,0.0
LUAD-TCGA-49-AARO-01A-22-A602-42-X002-S02,0.0,0.0,0.0,0.0,0.0,0.07446974329117988,0.0,0.14233761642803638,0.26534141936782685,0.0,0.0,0.0,0.0,0.0,0.4987989524166869,0.01905225760036489
LUAD-TCGA-44-3918-01A-51-A644-42-X033-S08,0.0,0.08610539097937091,0.0,0.0,0.0,0.0,0.0,0.0,0.0707204284331854,0.0,0.0,0.0,0.0,0.0,0.7588544717709511,0.08431969001850659
LUAD-TCGA-MP-A4T4-01A-22-A646-42-X039-S12,0.0,0.0,0.12849248139724526,0.0,0.0,0.12659210605072166,0.016910579338133214,0.23688091522036306,0.13198122896025138,0.0,0.0,0.0667648582560093,0.0,0.0,0.26864699527101615,0.023730828049987444
